id_localisation;code_commune;code_dep;commune
1;350;1;SAINT-ETIENNE-DU-BOIS
2;103;1;CHEVRY
3;143;1;DIVONNE-LES-BAINS
4;288;1;PERON
5;33;1;VALSERHONE
6;138;1;CULOZ
7;354;1;ST-GENIS-POUILLY
8;283;1;OYONNAX
9;357;1;ST-GERMAIN-DE-JOUX
10;173;1;GEX
11;4;1;AMBERIEU-EN-BUGEY
12;71;1;CESSY
13;396;1;SAULT-BRENAZ
14;160;1;FERNEY-VOLTAIRE
15;399;1;SEGNY
16;202;1;LAGNIEU
17;204;1;LE POIZAT-LALLEYRIAT
18;34;1;BELLEY
19;281;1;ORNEX
20;148;1;DORTAN
21;313;1;PREVESSIN-MOENS
22;60;1;BRENOD
23;363;1;SAINT-JEAN-LE-VIEUX
24;269;1;NANTUA
25;345;1;SAINT-DENIS-EN-BUGEY
26;419;1;THOIRY
27;31;1;BELLIGNAT
28;185;1;PLATEAU D'HAUTEVILLE
29;210;1;LELEX
30;436;1;VESANCY
31;192;1;IZERNORE
32;153;1;ECHENEVEX
33;435;1;VERSONNEX
34;390;1;SAINT-VULBAS
35;109;1;COLLONGES
36;79;1;CHAMPAGNE-EN-VALROMEY
37;199;1;JUJURIEUX
38;240;1;MATAFELON-GRANGES
39;187;1;HAUT-VALROMEY
40;14;1;ARBENT
41;224;1;LOYETTES
42;247;1;MIJOUX
43;401;1;SERGY
44;158;1;FARGES
45;135;1;CROZET
46;443;1;VILLARS-LES-DOMBES
47;244;1;MEXIMIEUX
48;258;1;MONTCEAUX
49;262;1;MONTLUEL
50;194;1;JASSANS-RIOTTIER
51;30;1;BEAUREGARD
52;142;1;DAGNEUX
53;248;1;MIONNAY
54;450;1;VILLIEU-LOYES-MOLLON
55;173;2;CHAUNY
56;408;2;LAON
57;304;2;LA FERE
58;755;2;URCEL
59;680;2;SAINT GOBAIN
60;738;2;TERGNIER
61;318;2;FOLEMBRAY
62;691;2;SAINT QUENTIN
63;722;2;SOISSONS
64;226;2;COURMELLES
65;795;2;VIC SUR AISNE
66;810;2;VILLERS-COTTERETS
67;410;2;LARGNY SUR AUTOMNE
68;537;2;NANTEUIL LA FOSSE
69;758;2;VAILLY-SUR-AISNE
70;201;2;COEUVRES ET VALSERY
71;64;2;BELLEU
72;168;2;CHATEAU THIERRY
73;305;2;FERE EN TARDENOIS
74;190;3;MOULINS
75;321;3;YZEURE
76;95;3;CUSSET
77;310;3;VICHY
78;209;4;SISTERON
79;166;4;RIEZ
80;73;4;ENCHASTRAYES
81;49;4;CHATEAU-ARNOUX-SAINT-AUBAN
82;70;4;DIGNE-LES-BAINS
83;126;4;MONTCLAR
84;6;4;ALLOS
85;39;4;CASTELLANE
86;96;4;JAUSIERS
87;102;4;LE LAUZET UBAYE
88;205;4;SEYNE
89;176;4;SAINTE CROIX DU VERDON
90;86;4;FAUCON-DE-BARCELONNETTE
91;19;4;BARCELONNETTE
92;94;4;GREOUX-LES-BAINS
93;189;4;SAINT-MARTIN-DE-BROMES
94;145;4;PEIPIN
95;245;4;VOLX
96;88;4;FORCALQUIER
97;203;4;SELONNET
98;112;4;MANOSQUE
99;226;4;UVERNET-FOURS
100;139;4;NOYERS-SUR-JABRON
101;151;4;PIERRERUE
102;143;4;ORAISON
103;79;4;L ESCALE
104;242;4;VILLENEUVE
105;230;4;VALENSOLE
106;244;4;VOLONNE
107;197;4;SAINTE-TULLE
108;178;4;SAINT-ETIENNE-LES-ORGUES
109;69;4;DEMANDOLX
110;22;4;BARREME
111;70;5;LARAGNE-MONTEGLIN
112;153;5;SAINT-MICHEL-DE-CHAILLOL
113;84;5;MONTGARDIN
114;177;5;VARS
115;46;5;EMBRUN
116;156;5;SAINT-SAUVEUR
117;23;5;BRIANCON
118;96;5;ORCIERES
119;101;5;VALLOUISE-PELVOUX
120;6;5;L'ARGENTIERE-LA-BESSEE
121;61;5;GAP
122;139;5;LE DEVOLUY
123;64;5;LA CHAPELLE-EN-VALGAUDEMAR
124;1;5;ABRIES-RISTOLAS
125;161;5;LA SALLE
126;179;5;VEYNES
127;4;5;ANCELLE
128;98;5;LES ORRES
129;166;5;SERRES
130;119;5;RISOUL
131;40;5;CHORGES
132;110;5;PUY SAINT VINCENT
133;132;5;SAINT-BONNET-EN-CHAMPSAUR
134;93;5;NEVACHE
135;79;5;LE MONETIER-LES-BAINS
136;17;5;LA BATIE NEUVE
137;65;5;GUILLESTRE
138;164;5;SAVINES-LE-LAC
139;85;5;MONTGENEVRE
140;72;5;LAYE
141;111;5;PUY-SANIERES
142;133;5;SAINT-CHAFFREY
143;88;6;NICE
144;114;6;SAINT-ANDRE DE LA ROCHE
145;149;6;LA TRINITE
146;60;6;FALICON
147;83;6;MENTON
148;104;6;ROQUEBRUNE CAP MARTIN
149;12;6;BEAUSOLEIL
150;162;6;LA BRIGUE
151;132;6;SAORGE
152;163;6;TENDE
153;136;6;SOSPEL
154;35;6;CASTELLAR
155;36;6;CASTILLON
156;67;6;GORBIO
157;86;6;MOULINET
158;23;6;BREIL-SUR-ROYA
159;113;6;SAINTE-AGNES
160;159;6;VILLEFRANCHE-SUR-MER
161;73;6;ISOLA
162;94;6;PEONE
163;153;6;VALDEBLORE
164;11;6;BEAULIEU SUR MER
165;92;6;PEILLON
166;54;6;DRAP
167;57;6;L'ESCARENE
168;32;6;CAP-D AIL
169;158;6;VILLARS-SUR-VAR
170;127;6;SAINT-MARTIN-VESUBIE
171;14;6;BENDEJUN
172;120;6;SAINT-ETIENNE-DE-TINEE
173;126;6;SAINT-MARTIN-DU-VAR
174;48;6;CONTES
175;150;6;LA TURBIE
176;71;6;GUILLAUMES
177;91;6;PEILLE
178;59;6;EZE
179;66;6;GILETTE
180;103;6;ROQUEBILLIERE
181;46;6;COLOMARS
182;121;6;SAINT-JEAN-CAP-FERRAT
183;75;6;LEVENS
184;16;6;BEUIL
185;15;6;BERRE-LES-ALPES
186;141;6;TOUDON
187;19;6;BLAUSASC
188;13;6;BELVEDERE
189;77;6;LUCERAM
190;74;6;LANTOSQUE
191;6;6;ASPREMONT
192;20;6;LA BOLLENE-VESUBIE
193;102;6;RIMPLAS
194;31;6;CANTARON
195;42;6;CLANS
196;109;6;LA ROQUETTE SUR VAR
197;151;6;UTELLE
198;99;6;PUGET-THENIERS
199;30;6;LE CANNET
200;84;6;MOUANS-SARTOUX
201;155;6;VALLAURIS
202;4;6;ANTIBES
203;108;6;LA ROQUETTE SUR SIAGNE
204;85;6;MOUGINS
205;18;6;BIOT
206;29;6;CANNES
207;79;6;MANDELIEU-LA-NAPOULE
208;69;6;GRASSE
209;90;6;PEGOMAS
210;138;6;THEOULE-SUR-MER
211;33;6;CARROS
212;157;6;VENCE
213;118;6;SAINT-CEZAIRE-SUR-SIAGNE
214;25;6;LE BROC
215;130;6;SAINT-VALLIER-DE-THIEY
216;65;6;LA GAUDE
217;10;6;LE BAR-SUR-LOUP
218;152;6;VALBONNE
219;70;6;GREOLIERES
220;95;6;PEYMEINADE
221;3;6;ANDON
222;27;6;CAGNES SUR MER
223;161;6;VILLENEUVE-LOUBET
224;123;6;SAINT LAURENT DU VAR
225;44;6;LA COLLE SUR LOUP
226;128;6;SAINT-PAUL-DE-VENCE
227;259;7;SAINT-JUST-D'ARDECHE
228;331;7;VALS-LES-BAINS
229;42;7;BOURG-SAINT-ANDEOL
230;100;7;GRAVIERES
231;304;7;SALAVAS
232;19;7;AUBENAS
233;349;7;LA-VOULTE-SUR-RHONE
234;186;7;PRIVAS
235;55;7;CHARMES-SUR-RHONE
236;330;7;VALLON PONT D'ARC
237;116;7;LABEGUDE
238;201;7;RUOMS
239;131;7;LANAS
240;296;7;SAINT-SERNIN
241;240;7;SAINT-GEORGES-LES-BAINS
242;346;7;VIVIERS
243;279;7;SAINT-MONTAN
244;255;7;ST JULIEN EN ST ALBAN
245;268;7;SAINT-MARTIN-D' ARDECHE
246;324;7;TOURNON-SUR-RHONE
247;281;7;SAINT-PERAY
248;102;7;GUILHERAND-GRANGES
249;10;7;ANNONAY
250;308;7;SARRAS
251;89;7;FELINES
252;245;7;SAINT-JEAN-DE-MUZOLS
253;78;7;DAVEZIEUX
254;105;8;CHARLEVILLE-MEZIERES
255;190;8;GIVET
256;385;8;SAINT-LAURENT
257;362;8;RETHEL
258;409;8;SEDAN
259;90;8;CARIGNAN
260;43;8;BALAN
261;53;8;BAZEILLES
262;322;9;USTOU
263;282;9;SAVERDUN
264;122;9;FOIX
265;265;9;SAINT-JEAN-DU-FALGA
266;176;9;LUZENAC
267;32;9;AX-LES-THERMES
268;194;9;MIREPOIX
269;160;9;LAVELANET
270;225;9;PAMIERS
271;105;9;DAUMAZAN-SUR-ARIZE
272;362;10;SAINTE SAVINE
273;325;10;ROSIERES PRES TROYES
274;323;10;ROMILLY SUR SEINE
275;343;10;SAINT JULIEN LES VILLAS
276;333;10;SAINT ANDRE LES VERGERS
277;387;10;TROYES
278;382;10;TRAINEL
279;81;10;LA CHAPELLE ST LUC
280;33;10;BAR SUR AUBE
281;297;10;PONTSAINTE MARIE
282;268;10;NOGENT SUR SEINE
283;265;10;LES NOES PRES TROYES
284;102;10;COLOMBE LA FOSSE
285;123;10;DIENVILLE
286;69;11;CARCASSONNE
287;76;11;CASTELNAUDARY
288;281;11;PEXIORA
289;397;11;TREBES
290;199;11;LAVALETTE
291;206;11;LIMOUX
292;310;11;RENNES LES BAINS
293;144;11;FITOU
294;379;11;SIGEAN
295;266;11;PORT-LA-NOUVELLE
296;170;11;GRUISSAN
297;202;11;LEUCATE
298;262;11;NARBONNE
299;441;11;VINASSAN
300;145;11;FLEURY D AUDE
301;48;11;BOUTENAC
302;285;11;PEYRIAC DE MER
303;24;11;BAGES
304;203;11;LEZIGNAN-CORBIERES
305;370;11;SALLES D AUDE
306;258;11;MOUSSAN
307;106;11;COURSAN
308;146;12;LE MONASTERE
309;202;13;MARSEILLE 2EME
310;204;13;MARSEILLE 4EME
311;201;13;MARSEILLE 1ER
312;216;13;MARSEILLE 16EME
313;215;13;MARSEILLE 15EME
314;203;13;MARSEILLE 3EME
315;214;13;MARSEILLE 14EME
316;210;13;MARSEILLE 10EME
317;207;13;MARSEILLE 7EME
318;205;13;MARSEILLE 5EME
319;206;13;MARSEILLE 6EME
320;209;13;MARSEILLE 9EME
321;5;13;AUBAGNE
322;208;13;MARSEILLE 8EME
323;119;13;CARNOUX-EN-PROVENCE
324;22;13;CASSIS
325;86;13;ROQUEVAIRE
326;28;13;LA CIOTAT
327;31;13;LA DESTROUSSE
328;7;13;AURIOL
329;70;13;LA PENNE SUR HUVEAUNE
330;16;13;LA BOUILLADISSE
331;101;13;SAINT SAVOURNIN
332;85;13;ROQUEFORT LA BEDOULE
333;73;13;PEYPIN
334;46;13;GREASQUE
335;42;13;GEMENOS
336;30;13;CUGES LES PINS
337;213;13;MARSEILLE 13EME
338;212;13;MARSEILLE 12EME
339;75;13;PLAN DE CUQUES
340;211;13;MARSEILLE 11EME
341;2;13;ALLAUCH
342;63;13;MIRAMAS
343;103;13;SALON-DE-PROVENCE
344;1;13;AIX EN PROVENCE
345;87;13;ROUSSET
346;33;13;ENSUES-LA-REDONNE
347;26;13;CHATEAUNEUF-LES-MARTIGUES
348;117;13;VITROLLES
349;54;13;MARIGNANE
350;43;13;GIGNAC-LA-NERTHE
351;36;13;EYRAGUES
352;100;13;SAINT-REMY-DE-PROVENCE
353;4;13;ARLES
354;45;13;GRAVESON
355;35;13;EYGUIERES
356;27;13;CHATEAURENARD
357;118;14;CAEN
358;409;14;MERVILLE FRANCEVILLE
359;312;14;GRANDCAMP-MAISY
360;366;14;LISIEUX
361;333;14;HONFLEUR
362;715;14;TROUVILLE-SUR-MER
363;225;14;DIVES-SUR-MER
364;754;14;VILLERS-SUR-MER
365;220;14;DEAUVILLE
366;338;14;HOULGATE
367;514;14;PONT-L EVEQUE
368;79;14;BLONVILLE-SUR-MER
369;701;14;TOURGEVILLE
370;699;14;TOUQUES
371;59;14;BENERVILLE-SUR-MER
372;229;14;DOZULE
373;243;14;EQUEMAUVILLE
374;557;14;SAINT-ARNOULT
375;536;14;RIVIERE-SAINT-SAUVEUR (LA)
376;15;16;ANGOULEME
377;291;16;RUELLE-SUR-TOUVRE
378;374;16;SOYAUX
379;28;16;BARBEZIEUX SAINT HILAIRE
380;166;16;L'ISLE D'ESPAGNAC
381;154;16;GOND PONTOUVRE
382;341;16;SAINT-MICHEL
383;414;17;SAINT-XANDRE
384;300;17;LA ROCHELLE
385;200;17;LAGORD
386;274;17;PERIGNY
387;94;17;CHATELAILLON-PLAGE
388;28;17;AYTRE
389;109;17;CLAVETTE
390;207;17;LOIX
391;369;17;SAINT-MARTIN-DE-RE
392;127;17;COURCON
393;286;17;LES PORTES-EN-RE
394;291;17;PUILBOREAU
395;142;17;DOMPIERRE-SUR-MER
396;218;17;MARANS
397;19;17;ARS-EN-RE
398;10;17;ANGOULINS
399;299;17;ROCHEFORT
400;449;17;TONNAY CHARENTE
401;168;17;FOURAS
402;415;17;SAINTES
403;421;17;SAUJON
404;333;17;SAINT-GEORGES-DE-DIDONNE
405;230;17;MESCHERS-SUR-GIRONDE
406;34;17;BARZAN
407;347;17;ST JEAN D'ANGELY
408;279;18;VIERZON
409;33;18;BOURGES
410;207;18;SAINT-FLORENT-SUR-CHER
411;141;18;MEHUN-SUR-YEVRE
412;157;18;MORTHOMIERS
413;5;18;ALLOUIS
414;197;18;SAINT-AMAND-MONTROND
415;15;18;AUBIGNY-SUR-NERE
416;269;19;TREIGNAC
417;272;19;TULLE
418;275;19;USSEL
419;31;19;BRIVE LA GAILLARDE
420;274;19;USSAC
421;243;19;SAINT-SORNIN-LAVOLPS
422;123;19;MALEMORT
423;202;19;SAINTE FEREOLE
424;231;21;DIJON
425;278;22;SAINT-BRIEUC
426;54;22;ERQUY
427;93;22;LAMBALLE-ARMOR
428;206;22;CHATELAUDREN-PLOUAGAT
429;106;22;LANGUEUX
430;215;22;PLOUFRAGAN
431;222;22;PLOUHA
432;162;22;PAIMPOL
433;186;22;PLENEUF-VAL-ANDRE
434;325;22;SAINT-QUAY-PORTRIEUX
435;187;22;PLERIN
436;55;22;BINIC-ETABLES-SUR-MER
437;81;22;HILLION
438;360;22;TREGUEUX
439;160;22;NOYAL
440;209;22;BEAUSSAIS-SUR-MER
441;50;22;DINAN
442;282;22;SAINT-CAST-LE-GUILDO
443;179;22;FREHEL
444;339;22;TADEN
445;94;22;LANCIEUX
446;172;22;PLANCOET
447;32;22;CAULNES
448;118;22;LANVALLAY
449;143;22;MATIGNON
450;20;22;BROONS
451;70;22;GUINGAMP
452;225;22;PLOUMAGOAR
453;168;22;PERROS-GUIREC
454;113;22;LANNION
455;362;22;TREGUIER
456;379;22;TREVOU-TREGUIGNEC
457;343;22;TREBEURDEN
458;194;22;PLESTIN-LES-GREVES
459;136;22;LOUDEAC
460;176;23;LA SOUTERRAINE
461;96;23;GUERET
462;322;24;PERIGUEUX
463;557;24;TRELISSAC
464;53;24;BOULAZAC ISLE MANOIRE
465;138;24;COULOUNIEIX-CHAMIERS
466;37;24;BERGERAC
467;335;24;PORT-SAINTE-FOY-ET-PONCHAPT
468;362;24;VAL DE LOUYRE ET CAUDEAU
469;226;24;LAMOTHE-MONTRAVEL
470;547;24;TERRASSON LAVILLEDIEU
471;520;24;SARLAT-LA-CANEDA
472;356;24;ROUFFIGNAC-ST-CERNIN-DE-REILHA
473;86;24;CASTELNAUD-LA-CHAPELLE
474;56;25;BESANCON
475;265;25;GENEUILLE
476;527;25;SAINT VIT
477;84;25;BOUSSIERES
478;364;25;MAMIROLLE
479;495;25;ROCHE LEZ BEAUPRE
480;381;25;MISEREY SALINES
481;73;25;BONNAY
482;197;25;DELUZ
483;35;25;LES AUXONS
484;47;25;BAUME LES DAMES
485;462;25;PONTARLIER
486;293;25;GRANGES NARBOZ
487;318;25;JOUGNE
488;321;25;VILLERS LE LAC
489;411;25;MORTEAU
490;307;25;LES HOPITAUX NEUFS
491;494;25;ROCHEJEAN
492;434;25;ORNANS
493;204;25;DOUBS
494;578;25;VALDAHON
495;157;25;LA CLUSE ET MIJOUX
496;380;25;METABIEF
497;222;25;ETALANS
498;403;25;MONTLEBON
499;413;25;MOUTHE
500;254;25;LES FOURGS
501;127;25;CHARQUEMONT
502;31;25;AUDINCOURT
503;539;25;SELONCOURT
504;304;25;HERIMONCOURT
505;388;25;MONTBELIARD
506;281;26;ROMANS-SUR-ISERE
507;362;26;VALENCE
508;213;26;MORAS-EN-VALLOIRE
509;198;26;MONTELIMAR
510;57;26;BOURG-DE-PEAGE
511;191;26;MONTBOUCHER-SUR-JABRON
512;58;26;BOURG LES VALENCE
513;64;26;CHABEUIL
514;108;26;CREST
515;116;26;DONZERE
516;325;26;SAINT-RAMBERT-D ALBON
517;114;26;DIEULEFIT
518;357;26;TULETTE
519;42;26;BEAUVALLON
520;182;26;MIRABEL-AUX-BARONNIES
521;166;26;LORIOL SUR DROME
522;235;26;PIERRELATTE
523;324;26;SAINT-PAUL-TROIS-CHATEAUX
524;197;26;MONTELIER
525;165;26;LIVRON SUR DROME
526;252;26;PORTES LES VALENCE
527;220;26;NYONS
528;338;26;SAUZET
529;301;26;SAINT-DONAT-SUR-L HERBASSE
530;8;26;ANCONE
531;322;26;SAINT-PANTALEON-LES-VIGNES
532;290;26;SAINT-AGNAN-EN-VERCORS
533;271;26;LA ROCHE DE GLUN
534;218;26;MOURS-SAINT-EUSEBE
535;333;26;SAINT VALLIER
536;250;26;PONT DE L ISERE
537;179;26;MERCUROL-VEAUNES
538;347;26;TAIN L HERMITAGE
539;37;26;BEAUMONT LES VALENCE
540;211;26;MONTSEGUR-SUR-LAUZON
541;247;26;PONSAS
542;299;27;GRAVIGNY
543;502;27;RUGLES
544;230;27;EZY SUR EURE
545;229;27;EVREUX
546;448;27;PACY-SUR-EURE
547;119;27;BUEIL
548;681;27;VERNON
549;562;27;ST MARCEL
550;165;27;CONCHES EN OUCHE
551;679;27;VERNEUIL D'AVRE ET D'ITON
552;284;27;GISORS
553;16;27;LES ANDELYS
554;660;27;LA TRINITE DE REVILLE
555;51;27;BEAUMONT LE ROGER
556;56;27;BERNAY
557;275;27;GAILLON
558;85;28;CHARTRES
559;168;28;GALLARDON
560;110;28;LE COUDRAY
561;140;28;EPERNON
562;229;28;MAINVILLIERS
563;391;28;TOURY
564;191;28;HANCHES
565;209;28;LEVES
566;173;28;GASVILLE OISEME
567;227;28;MAINTENON
568;218;28;LUCE
569;84;28;CHARTAINVILLIERS
570;358;28;ST PREST
571;172;28;GAS
572;15;28;AUNEAU-BLEURY-SAINT-SYMPHORIEN
573;220;28;LUISANT
574;201;28;JOUY
575;116;28;COURVILLE SUR EURE
576;88;28;CHATEAUDUN
577;334;28;ST DENIS-LANNERAY
578;134;28;DREUX
579;404;28;VERNOUILLET
580;213;28;LORMAYE
581;279;28;NOGENT-LE-ROI
582;7;28;ANET
583;94;28;CHAUDON
584;348;28;ST LUBIN DES JONCHERETS
585;89;28;CHATEAUNEUF EN THYMERAIS
586;359;28;ST REMY SUR AVRE
587;113;28;COULOMBS
588;280;28;NOGENT LE ROTROU
589;232;29;QUIMPER
590;46;29;DOUARNENEZ
591;233;29;QUIMPERLE
592;39;29;CONCARNEAU
593;217;29;PONT-AVEN
594;31;29;CLOHARS CARNOET
595;19;29;BREST
596;260;29;SAINT RENAN
597;45;29;DIRINON
598;103;29;LANDERNEAU
599;189;29;PLOUGASTEL-DAOULAS
600;22;29;CAMARET-SUR-MER
601;42;29;CROZON
602;256;29;SAINT-NIC
603;151;29;MORLAIX
604;105;29;LANDIVISIAU
605;23;29;CARANTEC
606;254;29;SAINT-MARTIN-DES-CHAMPS
607;188;29;PLOUGASNOU
608;239;29;ROSCOFF
609;247;2A;PORTO-VECCHIO
610;4;2A;AJACCIO
611;249;2A;PROPRIANO
612;272;2A;SARTENE
613;362;2A;ZONZA
614;41;2A;BONIFACIO
615;130;2A;GROSSETO-PRUGNA
616;139;2A;LECCI
617;18;2A;ARBELLARA
618;228;2A;PIETROSELLA
619;348;2A;VICO
620;70;2A;CASAGLIONE
621;271;2A;SARROLA-CARCOPINO
622;21;2A;ARGIUSTA-MORICCIO
623;8;2A;ALBITRECCIA
624;276;2A;SERRA-DI-FERRO
625;85;2A;CAURO
626;200;2A;PALNECA
627;17;2A;APPIETTO
628;48;2A;CALCATOGGIO
629;215;2A;PIANOTTOLI-CALDARELLO
630;198;2A;OTA
631;35;2A;BELVEDERE-CAMPOMORO
632;288;2A;SOTTA
633;269;2A;SARI-SOLENZARA
634;189;2A;OLMETO
635;98;2A;COTI-CHIAVARI
636;71;2A;CASALABRIVA
637;324;2A;TAVERA
638;254;2A;QUENZA
639;32;2A;BASTELICACCIA
640;212;2A;PIANA
641;90;2A;COGGIA
642;119;2A;FRASSETO
643;103;2A;CUTTOLI-CORTICCHIATO
644;312;2A;SANTA-MARIA-SICHE
645;349;2A;VIGGIANELLO
646;20;2B;AREGNO
647;134;2B;L'ILE ROUSSE
648;87;2B;CERVIONE
649;185;2B;OLETTA
650;133;30;LE GRAU DU ROI
651;3;30;AIGUES-MORTES
652;189;30;NIMES
653;62;30;CALVISSON
654;106;30;DURFORT-ET-SAINT-MARTIN-DE-
655;341;30;VAUVERT
656;60;30;CAISSARGUES
657;169;30;MILHAUD
658;82;30;CLARENSAC
659;47;30;BOUILLARGUES
660;125;30;GARONS
661;321;30;SOMMIERES
662;231;30;SAINT ANDRE DE VALBORGNE
663;123;30;GALLARGUES-LE-MONTUEUX
664;36;30;BERNIS
665;4;30;AIGUES-VIVES
666;249;30;SAINT-DIONISY
667;126;30;GARRIGUES SAINTE EULALIE
668;311;30;SAUVE
669;61;30;LA CALMETTE
670;140;30;LASALLE
671;276;30;SAINT-LAURENT-D AIGOUZE
672;20;30;AUBORD
673;6;30;AIMARGUES
674;356;30;RODILHAN
675;309;30;SARDAN
676;83;30;CODOGNAN
677;17;30;ARRIGAS
678;210;30;QUISSAC
679;255;30;SAINT-GENIES-DE-MALGOIRES
680;75;30;CAVEIRAC
681;350;30;LE VIGAN
682;325;30;SUMENE
683;263;30;ST HIPPOLYTE DU FORT
684;334;30;UZES
685;128;30;GENERAC
686;141;30;LAUDUN-L ARDOISE
687;34;30;BELLEGARDE
688;32;30;BEAUCAIRE
689;351;30;VILLENEUVE LES AVIGNON
690;288;30;SAINT-NAZAIRE
691;156;30;MARGUERITTES
692;166;30;MEYNES
693;217;30;ROCHEFORT-DU-GARD
694;11;30;LES ANGLES
695;212;30;REMOULINS
696;206;30;POULX
697;202;30;PONT ST ESPRIT
698;258;30;ST GILLES
699;73;30;CASTILLON-DU-GARD
700;260;30;SAINT-HILAIRE-D OZILHAN
701;290;30;SAINT-PAULET-DE-CAISSON
702;317;30;SERNHAC
703;28;30;BAGNOLS SUR CEZE
704;315;30;SAZE
705;174;30;MONTAREN-ET-SAINT-MEDIERS
706;179;30;MONTFRIN
707;221;30;ROQUEMAURE
708;7;30;ALES
709;203;30;PORTES
710;171;30;MOLIERES-SUR-CEZE
711;37;30;BESSEGES
712;253;30;SAINT-FLORENT-SUR-AUZONNET
713;132;30;LA GRAND COMBE
714;10;30;ANDUZE
715;555;31;TOULOUSE
716;116;31;CASTELGINEST
717;186;31;FONBEAUZARD
718;44;31;BALMA
719;163;31;DREMIL LAFAGE
720;561;31;L UNION
721;22;31;AUCAMVILLE
722;182;31;FENOUILLET
723;462;31;ROUFFIAC TOLOSAN
724;205;31;GAGNAC SUR GARONNE
725;446;31;RAMONVILLE ST AGNE
726;488;31;ST JEAN
727;282;31;LAUNAGUET
728;184;31;FLOURENS
729;557;31;TOURNEFEUILLE
730;149;31;COLOMIERS
731;69;31;BLAGNAC
732;584;31;VILLEMUR SUR TARN
733;32;31;AUSSONNE
734;157;31;CUGNAUX
735;232;31;GRENADE SUR GARONNE
736;526;31;LA SALVETAT ST GILLES
737;351;31;MONDONVILLE
738;202;31;FRONTON
739;56;31;BEAUZELLE
740;66;31;BESSIERES
741;113;31;CASTANET TOLOSAN
742;582;31;VILLEFRANCHE-DE-LAURAGAIS
743;396;31;NAILLOUX
744;254;31;LABEGE
745;451;31;REVEL
746;506;31;ST ORENS DE GAMEVILLE
747;271;31;LANTA
748;259;31;LACROIX FALGARDE
749;35;31;AUZEVILLE-TOLOSANE
750;169;31;ESCALQUENS
751;358;31;MONTASTRUC LA CONSEILLERE
752;429;31;POMPERTUZAT
753;48;31;BAZIEGE
754;203;31;FROUZINS
755;13;32;AUCH
756;107;32;CONDOM
757;96;32;CAZAUBON
758;147;32;GIMONT
759;160;32;L ISLE JOURDAIN
760;63;33;BORDEAUX
761;376;33;SAINT AUBIN DE MEDOC
762;312;33;PAREMPUYRE
763;449;33;SAINT MEDARD EN JALLES
764;75;33;BRUGES
765;214;33;LACANAU
766;69;33;LE BOUSCAT
767;200;33;LE HAILLAN
768;162;33;EYSINES
769;256;33;LUDON MEDOC
770;297;33;MOULIS-EN-MEDOC
771;519;33;LE TAILLAN MEDOC
772;104;33;CASTELNAU-DE-MEDOC
773;56;33;BLANQUEFORT
774;268;33;MARGAUX CANTENAC
775;39;33;BEGLES
776;281;33;MERIGNAC
777;192;33;GRADIGNAN
778;522;33;TALENCE
779;318;33;PESSAC
780;550;33;VILLENAVE D ORNON
781;422;33;SAINT JEAN D ILLAC
782;273;33;MARTIGNAS SUR JALLE
783;90;33;CANEJAN
784;122;33;CESTAS
785;81;33;CADILLAC
786;51;33;BIGANOS
787;9;33;ARCACHON
788;96;33;CARBON BLANC
789;80;33;CADAUJAC
790;529;33;LA TESTE-DE-BUCH
791;199;33;GUJAN MESTRAS
792;119;33;CENON
793;167;33;FLOIRAC
794;533;33;TOULENNE
795;5;33;ANDERNOS-LES-BAINS
796;249;33;LORMONT
797;13;33;ARTIGUES-PRES-BORDEAUX
798;311;33;PAILLET
799;236;33;LEGE-CAP-FERRET
800;527;33;LE TEICH
801;483;33;ST SULPICE ET CAMEYRAC
802;140;33;CREON
803;498;33;SALLES
804;535;33;TRESSES
805;415;33;SAINT GERVAIS
806;11;33;ARES
807;165;33;FARGUES SAINT HILAIRE
808;227;33;LANGON
809;238;33;LEOGNAN
810;337;33;PREIGNAC
811;434;33;ST LOUIS DE MONTFERRAND
812;234;33;LATRESNE
813;19;33;AUDENGE
814;201;33;HAUX
815;3;33;AMBARES-ET-LAGRAVE
816;381;33;ST CAPRAIS DE BORDEAUX
817;229;33;LANTON
818;30;33;BARSAC
819;29;33;LE BARP
820;32;33;BASSENS
821;226;33;LANGOIRAN
822;554;33;YVRAC
823;293;33;MONTUSSAN
824;36;33;BAZAS
825;366;33;SAINT-ANDRE-DE-CUBZAC
826;99;33;CARIGNAN-DE-BORDEAUX
827;284;33;MIOS
828;534;33;LE TOURNE
829;555;33;MARCHEPRIME
830;109;33;CASTRES GIRONDE
831;241;33;LESTIAC-SUR-GARONNE
832;213;33;LA BREDE
833;433;33;SAINT LOUBES
834;397;33;SAINTE EULALIE
835;195;33;GRIGNOLS
836;185;33;GENISSAC
837;243;33;LIBOURNE
838;108;33;CASTILLON-LA-BATAILLE
839;58;33;BLAYE
840;324;33;PINEUILH
841;492;33;SAINT-YZAN-DE-SOUDIAC
842;466;33;SAINT-QUENTIN-DE-BARON
843;473;33;SAINT-SAVIN
844;138;33;COUTRAS
845;478;33;ST-SEURIN-SUR-L ISLE
846;402;33;SAINTE-FOY-LA-GRANDE
847;389;33;SAINT-CIERS-SUR-GIRONDE
848;539;33;VAYRES
849;352;33;LA REOLE
850;435;33;SAINT-MACAIRE
851;506;33;SAUVETERRE-DE-GUYENNE
852;97;33;CARCANS
853;514;33;SOULAC-SUR-MER
854;203;33;HOURTIN
855;424;33;SAINT LAURENT MEDOC
856;544;33;LE VERDON SUR MER
857;240;33;LESPARRE-MEDOC
858;545;33;VERTHEUIL
859;490;33;SAINT-VIVIEN-DE-MEDOC
860;172;34;MONTPELLIER
861;192;34;PALAVAS-LES-FLOTS
862;154;34;MAUGUIO
863;123;34;JUVIGNAC
864;198;34;PEROLS
865;90;34;LE CRES
866;344;34;LA GRANDE MOTTE
867;57;34;CASTELNAU LE LEZ
868;129;34;LATTES
869;240;34;SAINT-AUNES
870;270;34;SAINT-JEAN-DE-VEDAS
871;116;34;GRABELS
872;108;34;FRONTIGNAN
873;301;34;SETE
874;333;34;VIC-LA-GARDIOLE
875;39;34;BOUZIGUES
876;23;34;BALARUC LES BAINS
877;327;34;VENDARGUES
878;111;34;GANGES
879;145;34;LUNEL
880;79;34;CLERMONT L HERAULT
881;255;34;SAINT-GELY-DU-FESC
882;157;34;MEZE
883;307;34;SUSSARGUES
884;151;34;MARSILLARGUES
885;113;34;GIGEAN
886;120;34;JACOU
887;152;34;MAS-DE-LONDRES
888;247;34;SAINT CLEMENT DE RIVIERE
889;58;34;CASTRIES
890;22;34;BAILLARGUES
891;213;34;POUSSAN
892;128;34;LAROQUE
893;165;34;MONTBAZIN
894;217;34;PRADES-LE-LEZ
895;27;34;BEAULIEU
896;24;34;BALARUC LE VIEUX
897;288;34;SAINT-SERIES
898;337;34;VILLENEUVE-LES-MAGUELONE
899;244;34;SAINT-BRES
900;204;34;PLAISSAN
901;142;34;LODEVE
902;254;34;SAINT-FELIX-DE-LODEZ
903;143;34;LOUPIAN
904;67;34;CAZILHAC
905;282;34;SAINT PAUL ET VALMALLE
906;239;34;SAINT-ANDRE-DE-SANGONIS
907;215;34;POUZOLS
908;14;34;ASSAS
909;246;34;ENTRE-VIGNES
910;180;34;NEBIAN
911;249;34;SAINT-DREZERY
912;114;34;GIGNAC
913;173;34;MONTPEYROUX
914;163;34;MONTARNAUD
915;324;34;VALRAS-PLAGE
916;75;34;CESSERAS
917;32;34;BEZIERS
918;299;34;SERIGNAN
919;3;34;AGDE
920;199;34;PEZENAS
921;150;34;MARSEILLAN
922;28;34;BEDARIEUX
923;329;34;VENDRES
924;332;34;VIAS
925;225;34;PUISSERGUIER
926;63;34;CAUX
927;161;34;MONTADY
928;126;34;LAMALOU-LES-BAINS
929;37;34;BOUJAN-SUR-LIBRON
930;209;34;PORTIRAGNES
931;207;34;POMEROLS
932;210;35;PACE
933;32;35;BOURGBARRE
934;238;35;RENNES
935;24;35;BETTON
936;51;35;CESSON-SEVIGNE
937;206;35;NOYAL-CHATILLON-SUR-SEICHE
938;55;35;CHANTEPIE
939;353;35;VEZIN-LE-COQUET
940;47;35;BRUZ
941;66;35;CHARTRES-DE-BRETAGNE
942;281;35;ST JACQUES DE LA LANDE
943;278;35;SAINT-GREGOIRE
944;352;35;VERN-SUR-SEICHE
945;59;35;LA CHAPELLE DES FOUGERETZ
946;363;35;PONT-PEAN
947;1;35;ACIGNE
948;216;35;PARTHENAY-DE-BRETAGNE
949;208;35;ORGERES
950;173;35;MELESSE
951;76;35;CHAVAGNE
952;135;35;IRODOUER
953;251;35;SAINT-AUBIN-D AUBIGNE
954;37;35;BREAL-SOUS-MONTFORT
955;196;35;MORDELLES
956;184;35;MONTAUBAN-DE-BRETAGNE
957;152;35;LIFFRE
958;69;35;CHATEAUGIRON
959;240;35;LE RHEU
960;40;35;BRETEIL
961;204;35;NOUVOITOU
962;23;35;BEDEE
963;136;35;JANZE
964;334;35;THORIGNE-FOUILLARD
965;297;35;SAINT-MEEN-LE-GRAND
966;188;35;MONTFORT-SUR-MEU
967;131;35;L'HERMITAGE
968;130;35;HEDE-BAZOUGES
969;177;35;LA MEZIERE
970;250;35;SAINT-ARMEL
971;326;35;SENS-DE-BRETAGNE
972;195;35;MONTREUIL-SUR-ILLE
973;123;35;GOVEN
974;236;35;REDON
975;12;35;BAIN-DE-BRETAGNE
976;57;35;LA CHAPELLE BOUEXIC
977;126;35;GUICHEN
978;231;35;POLIGNE
979;33;35;BOURG-DES-COMPTES
980;288;35;SAINT-MALO
981;93;35;DINARD
982;226;35;PLEUGUENEUC
983;287;35;SAINT-LUNAIRE
984;49;35;CANCALE
985;228;35;PLEURTUIT
986;95;35;DOL DE BRETAGNE
987;256;35;SAINT-BRIAC-SUR-MER
988;179;35;MINIAC-MORVAN
989;122;35;LA GOUESNIERE
990;241;35;LA RICHARDAIS
991;265;35;SAINT-DOMINEUC
992;362;35;LE TRONCHET
993;247;35;ROZ-SUR-COUESNON
994;299;35;SAINT-MELOIR-DES-ONDES
995;284;35;SAINT-JOUAN-DES-GUERETS
996;96;35;DOMAGNE
997;125;35;LA GUERCHE-DE-BRETAGNE
998;360;35;VITRE
999;68;35;CHATEAUBOURG
1000;239;35;RETIERS
1001;347;35;VAL-D'IZE
1002;44;36;CHATEAUROUX
1003;46;36;LA CHATRE
1004;122;37;JOUE LES TOURS
1005;261;37;TOURS
1006;195;37;LA RICHE
1007;156;37;MONTLOUIS-SUR-LOIRE
1008;233;37;SAINT-PIERRE-DES-CORPS
1009;208;37;SAINT AVERTIN
1010;109;37;FONDETTES
1011;214;37;SAINT CYR SUR LOIRE
1012;172;37;NOTRE-DAME-D OE
1013;203;37;ROCHECORBON
1014;151;37;LA MEMBROLLE-SUR-CHOISILLE
1015;18;37;BALLAN MIRE
1016;50;37;CHAMBRAY LES TOURS
1017;3;37;AMBOISE
1018;196;37;RICHELIEU
1019;31;37;BOURGUEIL
1020;132;37;LOCHES
1021;115;37;DESCARTES
1022;185;38;GRENOBLE
1023;421;38;SAINT-MARTIN-D'HERES
1024;179;38;GIERES
1025;516;38;LA TRONCHE
1026;229;38;MEYLAN
1027;249;38;MONTBONNOT-SAINT-MARTIN
1028;151;38;ECHIROLLES
1029;431;38;SAINT-NAZAIRE-LES-EYMES
1030;45;38;BIVIERS
1031;397;38;SAINT-ISMIER
1032;158;38;EYBENS
1033;309;38;POISAT
1034;126;38;CORENC
1035;503;38;LA TERRASSE
1036;563;38;VOIRON
1037;150;38;DOMENE
1038;175;38;FROGES
1039;314;38;PONTCHARRA
1040;562;38;VIZILLE
1041;382;38;SAINT-EGREVE
1042;170;38;FONTANIL-CORNILLON
1043;439;38;CRETS EN BELLEDONNE
1044;423;38;SAINT-MARTIN-LE-VINOUX
1045;501;38;TENCIN
1046;6;38;ALLEVARD
1047;547;38;VILLARD-BONNOT
1048;163;38;LE HAUT-BREDA
1049;422;38;SAINT-MARTIN-D'URIAGE
1050;565;38;VOREPPE
1051;567;38;CHAMROUSSE
1052;61;38;LA BUISSE
1053;279;38;NOTRE-DAME-DE-MESAGE
1054;442;38;SAINT-PIERRE-DE-CHARTREUSE
1055;59;38;BRIE-ET-ANGONNES
1056;181;38;GONCELIN
1057;528;38;VAULNAVEYS-LE-BAS
1058;2;38;LES ADRETS
1059;538;38;LE VERSOUD
1060;100;38;LE CHEYLAS
1061;383;38;SAINT-ETIENNE-DE-CROSSEY
1062;140;38;CROLLES
1063;186;38;GRESSE-EN-VERCORS
1064;191;38;HUEZ
1065;253;38;LES DEUX ALPES
1066;474;38;SASSENAGE
1067;225;38;AUTRANS-MEAUDRE EN VERCORS
1068;485;38;SEYSSINET-PARISET
1069;548;38;VILLARD-DE-LANS
1070;169;38;FONTAINE
1071;527;38;VAUJANY
1072;129;38;CORRENCON-EN-VERCORS
1073;317;38;LE PONT-DE-CLAIX
1074;111;38;CLAIX
1075;128;38;CORPS
1076;52;38;LE BOURG-D'OISANS
1077;40;38;BESSE
1078;20;38;AURIS
1079;205;38;LANS-EN-VERCORS
1080;187;38;LE GUA
1081;377;38;SAINT-CLAIR-DE-LA-TOUR
1082;53;38;BOURGOIN-JALLIEU
1083;553;38;VILLEFONTAINE
1084;408;38;SAINT-JUST-CHALEYSSIN
1085;193;38;L'ISLE-D'ABEAU
1086;537;38;LA VERPILLIERE
1087;11;38;ANTHON
1088;316;38;PONT-DE-CHERUY
1089;337;38;RIVES
1090;384;38;SAINT-ETIENNE-DE-SAINT-GEOIRS
1091;416;38;SAINT-MARCELLIN
1092;400;38;SAINT-JEAN-DE-MOIRANS
1093;517;38;TULLINS
1094;559;38;VINAY
1095;239;38;MOIRANS
1096;30;38;BEAUCROISSANT
1097;387;38;SAINT-GEOIRS
1098;347;38;ROYBON
1099;194;38;IZEAUX
1100;470;39;LES ROUSSES
1101;478;39;SAINT-CLAUDE
1102;198;39;DOLE
1103;97;39;CHAMPAGNOLE
1104;13;39;ARBOIS
1105;526;39;TAVAUX
1106;368;39;HAUTS DE BIENNE
1107;501;39;SAMPANS
1108;300;39;LONS LE SAUNIER
1109;510;39;SEPTMONCEL LES MOLUNES
1110;59;39;BOIS-D AMONT
1111;441;39;PREMANON
1112;434;39;POLIGNY
1113;411;39;PERRIGNY
1114;362;39;MONTMOROT
1115;392;39;OFFLANGES
1116;286;39;LAVANS-LES-SAINT-CLAUDE
1117;500;39;SALINS LES BAINS
1118;333;39;MOIRANS-EN-MONTAGNE
1119;154;39;CLAIRVAUX-LES-LACS
1120;47;39;BELLEFONTAINE
1121;453;39;RAVILLOLES
1122;266;40;ST-JULIEN-EN-BORN
1123;88;40;DAX
1124;284;40;ST-VINCENT-DE-TYROSSE
1125;317;40;TOSSE
1126;281;40;SAINT-PIERRE-DU-MONT
1127;187;40;MOLIETS-ET-MAA
1128;224;40;PEYREHORADE
1129;296;40;SEIGNOSSE
1130;192;40;MONT-DE-MARSAN
1131;312;40;TARNOS
1132;304;40;SOORTS-HOSSEGOR
1133;261;40;ST-GEOURS-MAREMNE
1134;287;40;SANGUINET
1135;326;40;VIELLE-ST-GIRONS
1136;328;40;VIEUX BOUCAU-LES-BAINS
1137;157;40;LIT ET MIXE
1138;46;40;BISCARROSSE
1139;279;40;ST-PAUL-LES-DAX
1140;65;40;CAPBRETON
1141;133;40;LABENNE
1142;310;40;SOUSTONS
1143;209;40;ONDRES
1144;195;40;MONTGAILLARD
1145;1;40;AIRE-SUR-L'ADOUR
1146;273;40;ST-MARTIN-DE-SEIGNANX
1147;4;40;ANGRESSE
1148;184;40;MIMIZAN
1149;119;40;HAGETMAU
1150;211;40;ORIST
1151;150;40;LEON
1152;272;40;ST-MARTIN-DE-HINX
1153;43;40;BIAS
1154;235;40;POYANNE
1155;283;40;ST-VINCENT-DE-PAUL
1156;243;40;RION-DES-LANDES
1157;313;40;TARTAS
1158;19;40;AUREILHAN
1159;282;40;SAINT-SEVER
1160;217;40;PARENTIS EN BORN
1161;36;40;BENESSE-MAREMNE
1162;269;41;VENDOME
1163;18;41;BLOIS
1164;151;41;MONTRICHARD VAL DE CHER
1165;128;41;MAROLLES
1166;194;41;ROMORANTIN-LANTHENAY
1167;295;41;VINEUIL
1168;47;41;LA CHAUSSEE SAINT VICTOR
1169;276;41;VILLEBAROU
1170;218;42;SAINT-ETIENNE
1171;237;42;SAINT-JEAN-BONNEFONDS
1172;305;42;LA TALAUDIERE
1173;223;42;SAINT GENEST LERPT
1174;225;42;GENILAC
1175;95;42;FIRMINY
1176;271;42;SAINT-PAUL-EN-JAREZ
1177;207;42;SAINT-CHAMOND
1178;183;42;LA RICAMARIE
1179;189;42;ROCHE-LA-MOLIERE
1180;103;42;LA GRAND-CROIX
1181;242;42;SAINT-JOSEPH
1182;275;42;SAINT-PRIEST-EN-JAREZ
1183;168;42;PELUSSIN
1184;97;42;LA FOUILLOUSE
1185;92;42;L ETRAT
1186;330;42;VILLARS
1187;123;42;LORETTE
1188;44;42;LE CHAMBON-FEUGEROLLES
1189;99;42;FRAISSES
1190;302;42;SORBIERS
1191;56;42;CHAVANAY
1192;186;42;RIVE-DE-GIER
1193;93;42;FARNAY
1194;270;42;SAINT-PAUL-EN-CORNILLON
1195;316;42;UNIEUX
1196;110;42;L HORME
1197;299;42;SAVIGNEUX
1198;256;42;SAINT-MARCELLIN-EN-FOREZ
1199;5;42;ANDREZIEUX-BOUTHEON
1200;59;42;CHAZELLES SUR LYON
1201;19;42;BOEN-SUR-LIGNON
1202;147;42;MONTBRISON
1203;323;42;VEAUCHE
1204;149;42;MONTROND-LES-BAINS
1205;279;42;SAINT-JUST-SAINT-RAMBERT
1206;222;42;SAINT-GALMIER
1207;94;42;FEURS
1208;285;42;SAINT-ROMAIN-LE-PUY
1209;204;42;SAINT-BONNET-LE-CHATEAU
1210;301;42;SOLEYMIEUX
1211;39;42;CHALMAZEL-JEANSAGNIERE
1212;180;42;PRECIEUX
1213;187;42;ROANNE
1214;52;42;CHARLIEU
1215;332;42;VILLEREST
1216;248;42;SAINT-JUST-EN-CHEVALET
1217;184;42;RIORGES
1218;156;42;NEULISE
1219;71;42;LE COTEAU
1220;127;42;MABLY
1221;11;42;BALBIGNY
1222;170;42;PERREUX
1223;26;42;BRIENNON
1224;232;42;SAINT-HAON-LE-CHATEL
1225;157;43;LE PUY EN VELAY
1226;224;43;SAINTE-SIGOLENE
1227;236;43;SEAUVE-SUR-SEMENE (LA)
1228;213;43;SAINT-PAL-DE-MONS
1229;51;43;LE CHAMBON SUR LIGNON
1230;112;43;LANGEAC
1231;89;43;ESPALY-SAINT-MARCEL
1232;177;43;SAINT-DIDIER-EN-VELAY
1233;41;43;BRIVES-CHARENSAC
1234;12;43;AUREC-SUR-LOIRE
1235;7;43;ARAULES
1236;262;43;VIEILLE-BRIOUDE
1237;153;43;PONT-SALOMON
1238;40;43;BRIOUDE
1239;268;43;YSSINGEAUX
1240;25;43;BEAUZAC
1241;205;43;SAINT JUST MALMONT
1242;109;44;NANTES
1243;190;44;ST SEBASTIEN SUR LOIRE
1244;162;44;ST-HERBLAIN
1245;74;44;INDRE
1246;204;44;THOUARE-SUR-LOIRE
1247;35;44;CHAPELLE-SUR-ERDRE (LA)
1248;143;44;REZE
1249;20;44;BOUGUENAIS
1250;201;44;SUCE-SUR-ERDRE
1251;188;44;ST-PHILBERT-DE-GRAND-LIEU
1252;9;44;BASSE-GOULAINE
1253;209;44;TREILLIERES
1254;82;44;LIGNE
1255;198;44;SORINIERES (LES)
1256;2;44;AIGREFEUILLE SUR MAINE
1257;26;44;CARQUEFOU
1258;87;44;MACHECOUL-SAINT-MEME
1259;172;44;SAINTE-LUCE-SUR-LOIRE
1260;107;44;MOUZEIL
1261;70;44;HAIE-FOUASSIERE (LA)
1262;114;44;ORVAULT
1263;215;44;VERTOU
1264;3;44;ANCENIS-SAINT-GEREON
1265;88;44;MAISDON-SUR-SEVRE
1266;43;44;CLISSON
1267;169;44;SAINT-JULIEN-DE-CONCELLES
1268;18;44;BOUAYE
1269;130;44;PONT-SAINT-MARTIN
1270;66;44;GRANDCHAMP-DES-FONTAINES
1271;84;44;LOROUX-BOTTEREAU (LE)
1272;144;44;RIAILLE
1273;213;44;LOIREAUXENCE
1274;194;44;SAUTRON
1275;32;44;CHAPELLE-HEULIN (LA)
1276;12;44;LA BERNERIE EN RETZ
1277;154;44;SAINT BREVIN LES PINS
1278;131;44;PORNIC
1279;182;44;SAINT-MICHEL-CHEF-CHEF
1280;126;44;LA PLAINE-SUR-MER
1281;186;44;SAINTE PAZANNE
1282;187;44;SAINT-PERE-EN-RETZ
1283;101;44;LA MONTAGNE
1284;120;44;PELLERIN (LE)
1285;116;44;PAIMBOEUF
1286;136;44;PREFAILLES
1287;132;44;PORNICHET
1288;184;44;SAINT-NAZAIRE
1289;47;44;COUERON
1290;13;44;BESNE
1291;15;44;BLAIN
1292;210;44;TRIGNAC
1293;98;44;MISSILLAC
1294;103;44;MONTOIR-DE-BRETAGNE
1295;158;44;SAINT-ETIENNE-DE-MONTLUC
1296;195;44;SAVENAY
1297;67;44;GUEMENE PENFAO
1298;176;44;SAINT-MALO-DE-GUERSAC
1299;189;44;SAINTE-REINE-DE-BRETAGNE
1300;203;44;LE TEMPLE DE BRETAGNE
1301;185;44;SAINT-NICOLAS-DE-REDON
1302;52;44;DONGES
1303;25;44;CAMPBON
1304;217;44;VIGNEUX DE BRETAGNE
1305;135;44;LE POULIGUEN
1306;69;44;GUERANDE
1307;211;44;LA TURBALLE
1308;10;44;BATZ-SUR-MER
1309;55;44;LA BAULE-ESCOUBLAC
1310;97;44;MESQUER
1311;49;44;LE CROISIC
1312;151;44;SAINT-ANDRE-DES-EAUX
1313;125;44;PIRIAC-SUR-MER
1314;183;44;SAINT MOLF
1315;110;44;NORT SUR ERDRE
1316;36;44;CHATEAUBRIANT
1317;284;45;ST JEAN DE BRAYE
1318;234;45;ORLEANS
1319;232;45;OLIVET
1320;75;45;LA CHAPELLE ST MESMIN
1321;285;45;ST JEAN DE LA RUELLE
1322;286;45;SAINT-JEAN-LE-BLANC
1323;72;45;CHANTEAU
1324;282;45;SAINT-HILAIRE-SAINT-MESMIN
1325;147;45;FLEURY LES AUBRAIS
1326;169;45;INGRE
1327;308;45;SEMOY
1328;298;45;SAINT-PRYVE-SAINT-MESMIN
1329;302;45;SARAN
1330;274;45;SAINT-DENIS-EN-VAL
1331;89;45;CHECY
1332;46;45;BOULAY-LES-BARRES
1333;28;45;BEAUGENCY
1334;6;45;ARDON
1335;146;45;LA FERTE SAINT-AUBIN
1336;224;45;NEUVILLE-AUX-BOIS
1337;179;45;LAILLY EN VAL
1338;82;45;CHATEAUNEUF S LOIRE
1339;173;45;JARGEAU
1340;300;45;SANDILLON
1341;203;45;MEUNG-SUR-LOIRE
1342;248;45;PATAY
1343;208;45;MONTARGIS
1344;68;45;CHALETTE-SUR-LOING
1345;281;45;SAINT-HILAIRE-LES-ANDRESIS
1346;4;45;AMILLY
1347;61;45;CEPOY
1348;258;45;PUISEAUX
1349;191;45;LE MALESHERBOIS
1350;252;45;PITHIVIERS
1351;30;45;BEAUNE-LA-ROLANDE
1352;155;45;GIEN
1353;315;45;SULLY-SUR-LOIRE
1354;53;45;BRIARE
1355;42;46;CAHORS
1356;201;47;LE PASSAGE
1357;1;47;AGEN
1358;145;47;LAYRAC
1359;128;47;LAFOX
1360;52;47;CASTELJALOUX
1361;31;47;BOE
1362;69;47;COLAYRAC ST CIRQ
1363;195;47;NERAC
1364;4;47;AIGUILLON
1365;157;47;MARMANDE
1366;310;47;TONNEINS
1367;323;47;VILLENEUVE SUR LOT
1368;324;47;VILLEREAL
1369;106;47;FUMEL
1370;175;47;MONFLANQUIN
1371;55;47;CASTELNAUD DE GRATECAMBE
1372;95;48;MENDE
1373;80;48;LANGOGNE
1374;96;48;MEYRUEIS
1375;92;48;MARVEJOLS
1376;27;48;MONT LOZERE ET GOULET
1377;198;48;VILLEFORT
1378;9;48;PEYRE EN AUBRAC
1379;7;49;ANGERS
1380;246;49;LES PONTS DE CE
1381;347;49;TIERCE
1382;267;49;SAINT-BARTHELEMY-D ANJOU
1383;223;49;MURS-ERIGNE
1384;353;49;TRELAZE
1385;278;49;STE GEMMES SUR LOIRE
1386;90;49;CHEFFES
1387;323;49;VERRIERES-EN-ANJOU
1388;377;49;RIVES-DU-LOIR-EN-ANJOU
1389;50;49;BRISSAC LOIRE AUBANCE
1390;15;49;AVRILLE
1391;283;49;SAINT-GEORGES-SUR-LOIRE
1392;35;49;BOUCHEMAINE
1393;214;49;MONTREUIL-JUIGNE
1394;99;49;CHOLET
1395;92;49;CHEMILLE-EN-ANJOU
1396;355;49;TREMENTINES
1397;23;49;BEAUPREAU-EN-MAUGES
1398;343;49;LA TESSOUALLE
1399;328;49;SAUMUR
1400;140;49;FONTEVRAUD L ABBAYE
1401;194;49;MAZE-MILON
1402;331;49;SEGRE-EN-ANJOU BLEU
1403;2;50;AGNEAUX
1404;502;50;SAINT-LO
1405;356;50;MOON-SUR-ELLE
1406;99;50;CARENTAN LES MARAIS
1407;218;50;GRANVILLE
1408;25;50;AVRANCHES
1409;391;50;GRANDPARIGNY
1410;165;50;DONVILLE-LES-BAINS
1411;484;50;SAINT-HILAIRE-DU-HARCOUET
1412;74;50;BRECEY
1413;66;50;JULLOUVILLE
1414;410;50;PONTORSON
1415;129;50;CHERBOURG-EN-COTENTIN
1416;147;50;COUTANCES
1417;481;50;SAINT-GERMAIN-SUR-AY
1418;197;50;GAVRAY-SUR-SIENNE
1419;215;50;GOUVILLE-SUR-MER
1420;3;50;AGON-COUTAINVILLE
1421;403;50;PIROU
1422;394;50;PERIERS
1423;267;50;LESSAY
1424;236;50;LA HAYE
1425;31;50;BARNEVILLE-CARTERET
1426;562;50;SAINT-VAAST-LA-HOUGUE
1427;33;50;BAUBIGNY
1428;615;50;VALOGNES
1429;412;50;PORT-BAIL-SUR-MER
1430;108;51;CHALONS EN CHAMPAGNE
1431;506;51;SAINT-MEMMIE
1432;507;51;SAINTE MENEHOULD
1433;65;51;BLACY
1434;649;51;VITRY LE FRANCOIS
1435;262;51;FRIGNICOURT
1436;230;51;EPERNAY
1437;217;51;DORMANS
1438;643;51;VINAY
1439;196;51;CRAMANT
1440;29;51;AVIZE
1441;346;51;MAREUIL-LE-PORT
1442;454;51;REIMS
1443;573;51;TINQUEUX
1444;210;51;DIZY
1445;30;51;AY-CHAMPAGNE
1446;172;51;CORMONTREUIL
1447;474;51;SAINT BRICE COURCELLES
1448;152;51;CHIGNY-LES-ROSES
1449;536;51;SILLERY
1450;55;51;BETHENY
1451;58;51;BEZANNES
1452;250;51;FISMES
1453;662;51;WITRY-LES-REIMS
1454;663;51;MAGENTA
1455;28;51;AVENAY-VAL-D'OR
1456;353;52;NOGENT
1457;121;52;CHAUMONT
1458;269;52;LANGRES
1459;62;53;CHATEAU-GONTIER-SUR-MAYENNE
1460;73;53;CONGRIER
1461;130;53;LAVAL
1462;54;53;CHANGE
1463;216;53;ST FRAIMBAULT DE PRIERES
1464;147;53;MAYENNE
1465;184;54;ESSEY LES NANCY
1466;395;54;NANCY
1467;547;54;VANDOEUVRE LES NANCY
1468;431;54;PONT A MOUSSON
1469;482;54;SAINT MAX
1470;274;54;JARVILLE LA MALGRANGE
1471;339;54;MALZEVILLE
1472;578;54;VILLERS LES NANCY
1473;115;54;CHAMPIGNEULLES
1474;364;54;MEREVILLE
1475;439;54;PULNOY
1476;357;54;MAXEVILLE
1477;304;54;LAXOU
1478;215;54;FROUARD
1479;90;54;BOUXIERES-AUX-DAMES
1480;300;54;LANEUVEVILLE-DEVANT-NANCY
1481;150;54;CUSTINES
1482;526;54;TOMBLAINE
1483;459;54;RICHARDMENIL
1484;257;54;HEILLECOURT
1485;432;54;PONT-SAINT-VINCENT
1486;252;54;HAROUE
1487;549;54;VARANGEVILLE
1488;483;54;SAINT-NICOLAS-DE-PORT
1489;99;54;VAL DE BRIEY
1490;323;54;LONGWY
1491;533;54;TRIEUX
1492;234;54;GORCY
1493;254;54;HAUCOURT-MOULAINE
1494;280;54;JOEUF
1495;273;54;JARNY
1496;493;54;SAULNES
1497;263;54;HOMECOURT
1498;536;54;TUCQUEGNIEUX
1499;382;54;MONT SAINT MARTIN
1500;451;54;REHON
1501;28;54;AUBOUE
1502;321;54;LONGLAVILLE
1503;521;54;THIL
1504;322;54;LONGUYON
1505;261;54;HERSERANGE
1506;270;54;HUSSIGNY GODBRANGE
1507;580;54;VILLERUPT
1508;138;54;COSNES-ET-ROMAIN
1509;137;54;CONS-LA-GRANDVILLE
1510;253;54;HATRIZE
1511;542;54;VALLEROY
1512;329;54;LUNEVILLE
1513;550;54;VATHIMENIL
1514;152;54;DAMELEVIERES
1515;383;54;MONT-SUR-MEURTHE
1516;76;54;BLAINVILLE-SUR-L EAU
1517;205;54;FOUG
1518;426;54;PIERRE-LA-TREICHE
1519;174;54;ECROUVES
1520;528;54;TOUL
1521;167;54;DOMMARTIN-LES-TOUL
1522;584;54;VILLEY-SAINT-ETIENNE
1523;162;54;DOMGERMAIN
1524;518;54;THIAUCOURT-REGNIEVILLE
1525;43;55;BELLEVILLE SUR MEUSE
1526;545;55;VERDUN
1527;5;56;ARZON
1528;206;56;SAINT-AVE
1529;260;56;VANNES
1530;3;56;ARRADON
1531;164;56;PLOEREN
1532;169;56;PLOUHINEC
1533;78;56;GUIDEL
1534;62;56;GAVRES
1535;107;56;LARMOR-PLAGE
1536;121;56;LORIENT
1537;118;56;LOCMIQUELIC
1538;90;56;INZINZAC-LOCHRIST
1539;181;56;PORT-LOUIS
1540;63;56;GESTEL
1541;83;56;HENNEBONT
1542;162;56;PLOEMEUR
1543;98;56;LANESTER
1544;193;56;RIANTEC
1545;40;56;CLEGUER
1546;94;56;KERVIGNAC
1547;101;56;LANGUIDIC
1548;23;56;BRECH
1549;161;56;PLOEMEL
1550;7;56;AURAY
1551;34;56;CARNAC
1552;114;56;LOCMARIA
1553;152;56;LE PALAIS
1554;234;56;SAINT-PIERRE-QUIBERON
1555;186;56;QUIBERON
1556;13;56;BELZ
1557;258;56;LA TRINITE SUR MER
1558;54;56;ERDEVEN
1559;262;56;LE BONO
1560;55;56;ETEL
1561;241;56;SAUZON
1562;263;56;SAINTE-ANNE-D'AURAY
1563;233;56;SAINT-PHILIBERT
1564;177;56;PLUVIGNER
1565;176;56;PLUNERET
1566;168;56;PLOUHARNEL
1567;124;56;MALESTROIT
1568;165;56;PLOERMEL
1569;178;56;PONTIVY
1570;110;56;LIGNOL
1571;10;56;BAUD
1572;194;58;NEVERS
1573;117;58;FOURCHAMBAULT
1574;303;58;VARENNES-VAUZELLES
1575;134;58;IMPHY
1576;88;58;COULANGES LES NEVERS
1577;95;58;DECIZE
1578;238;58;SAINT ELOI
1579;350;59;LILLE
1580;368;59;LA MADELEINE
1581;410;59;MONS EN BAROEUL
1582;328;59;LAMBERSART
1583;220;59;FACHES THUMESNIL
1584;527;59;SAINT-ANDRE
1585;636;59;WAMBRECHIES
1586;507;59;RONCHIN
1587;386;59;MARQUETTE-LEZ-LILLE
1588;9;59;VILLENEUVE-D'ASCQ
1589;250;59;FOURNES-EN-WEPPES
1590;163;59;CROIX
1591;367;59;LYS LEZ LANNOY
1592;512;59;ROUBAIX
1593;650;59;WATTRELOS
1594;653;59;WAVRIN
1595;462;59;PHALEMPIN
1596;343;59;LESQUIN
1597;332;59;LANNOY
1598;196;59;ENNETIERES-EN-WEPPES
1599;360;59;LOOS
1600;566;59;SEQUEDIN
1601;5;59;ALLENNES-LES-MARAIS
1602;648;59;WATTIGNIES
1603;646;59;WASQUEHAL
1604;34;59;AVELIN
1605;660;59;WILLEMS
1606;286;59;HAUBOURDIN
1607;560;59;SECLIN
1608;466;59;PONT-A-MARCQ
1609;586;59;TEMPLEUVE EN PEVELE
1610;168;59;CYSOING
1611;278;59;HALLENNES-LEZ-HAUBOURDIN
1612;299;59;HEM
1613;71;59;BERSEE
1614;421;59;MOUVAUX
1615;378;59;MARCQ EN BAROEUL
1616;508;59;RONCQ
1617;599;59;TOURCOING
1618;17;59;ARMENTIERES
1619;457;59;PERENCHIES
1620;279;59;HALLUIN
1621;173;59;DEULEMONT
1622;426;59;NEUVILLE EN FERRAIN
1623;90;59;BONDUES
1624;352;59;LINSELLES
1625;482;59;QUESNOY SUR DEULE
1626;271;59;GRANDE-SYNTHE
1627;43;59;BAILLEUL
1628;295;59;HAZEBROUCK
1629;178;59;DOUAI
1630;329;59;LAMBRES LEZ DOUAI
1631;569;59;SIN LE NOBLE
1632;574;59;SOMAIN
1633;222;59;FAUMONT
1634;456;59;PECQUENCOURT
1635;392;59;MAUBEUGE
1636;139;59;CAUDRY
1637;122;59;CAMBRAI
1638;491;59;RAISMES
1639;606;59;VALENCIENNES
1640;383;59;MARLY
1641;526;59;SAINT-AMAND-LES-EAUX
1642;14;59;ANZIN
1643;284;59;HASNON
1644;603;59;TRITH-ST-LEGER
1645;172;59;DENAIN
1646;57;60;BEAUVAIS
1647;395;60;MERU
1648;644;60;TRIE CHATEAU
1649;88;60;BORNEL
1650;462;60;NOAILLES
1651;652;60;VALDAMPIERRE
1652;143;60;CHAUMONT-EN-VEXIN
1653;330;60;LABOISSIERE EN THELLE
1654;12;60;ANDEVILLE
1655;277;60;GOINCOURT
1656;575;60;STE GENEVIEVE
1657;367;60;LOCONVILLE
1658;524;60;RANTIGNY
1659;157;60;CLERMONT
1660;360;60;LIANCOURT
1661;234;60;FITZ JAMES
1662;342;60;LAIGNEVILLE
1663;439;60;MOUY
1664;178;60;CREVECOEUR LE GRAND
1665;559;60;LA RUE ST PIERRE
1666;159;60;COMPIEGNE
1667;382;60;MARGNY LES COMPIEGNE
1668;156;60;CLAIROIX
1669;471;60;NOYON
1670;537;60;RIBECOURT DRESLINCOURT
1671;338;60;LACROIX ST OUEN
1672;665;60;VENETTE
1673;337;60;LACHELLE
1674;25;60;ATTICHY
1675;325;60;JAUX
1676;636;60;THOUROTTE
1677;402;60;LE MEUX
1678;119;60;CAMBRONNE LES RIBECOURT
1679;601;60;ST VAAST LES MELLO
1680;509;60;PONT STE MAXENCE
1681;463;60;NOGENT SUR OISE
1682;155;60;CIRES LES MELLO
1683;578;60;SAINTINES
1684;197;60;DIEUDONNE
1685;513;60;PRECY SUR OISE
1686;612;60;SENLIS
1687;141;60;CHANTILLY
1688;282;60;GOUVIEUX
1689;175;60;CREIL
1690;446;60;NANTEUIL LE HAUDOUIN
1691;684;60;VILLERS ST PAUL
1692;142;60;LA CHAPELLE EN SERVAL
1693;238;60;FLEURINES
1694;670;60;VERNEUIL EN HALATTE
1695;414;60;MONTATAIRE
1696;176;60;CREPY EN VALOIS
1697;482;60;ORRY LA VILLE
1698;589;60;ST MAXIMIN
1699;33;60;AVILLY ST LEONARD
1700;346;60;LAMORLAYE
1701;584;60;ST LEU D ESSERENT
1702;67;60;BETHISY ST MARTIN
1703;667;60;VERBERIE
1704;635;60;THIVERNY
1705;139;60;CHAMBLY
1706;358;60;LEVIGNEN
1707;86;60;BORAN SUR OISE
1708;68;60;BETHISY ST PIERRE
1709;172;60;COYE LA FORET
1710;695;60;VINEUIL ST FIRMIN
1711;500;60;LE PLESSIS BELLEVILLE
1712;432;60;MORTEFONTAINE
1713;173;60;CRAMOISY
1714;489;60;PEROY LES GOMBRIES
1715;450;60;NEUILLY EN THELLE
1716;666;60;VER SUR LAUNETTE
1717;398;60;LE MESNIL EN THELLE
1718;494;60;PLAILLY
1719;1;61;ALENCON
1720;169;61;FLERS
1721;483;61;BAGNOLES DE L'ORNE NORMANDIE
1722;41;62;ARRAS
1723;4;62;ACHICOURT
1724;764;62;SAINT-NICOLAS
1725;291;62;ELEU-DIT-LEAUWETTE
1726;37;62;ANZIN-SAINT-AUBIN
1727;99;62;BEAURAINS
1728;65;62;AVION
1729;744;62;SAINTE-CATHERINE
1730;609;62;NEUVILLE-ST-VAAST
1731;785;62;SAVY-BERLETTE
1732;128;62;BIACHE-SAINT-VAAST
1733;119;62;BETHUNE
1734;270;62;DIVION
1735;445;62;HESDIGNEUL-LES-BETHUNE
1736;126;62;BEUVRY
1737;473;62;ISBERGUES
1738;19;62;AIX NOULETTE
1739;413;62;HARNES
1740;215;62;CARVIN
1741;587;62;MONTIGNY EN GOHELLE
1742;895;62;WINGLES
1743;498;62;LENS
1744;528;62;LOOS EN GOHELLE
1745;427;62;HENIN-BEAUMONT
1746;893;62;WIMEREUX
1747;604;62;NEUFCHATEL-HARDELOT
1748;758;62;ST MARTIN BOULOGNE
1749;193;62;CALAIS
1750;899;62;WISSANT
1751;160;62;BOULOGNE SUR MER
1752;560;62;MARQUISE
1753;108;62;BERCK
1754;826;62;LE TOUQUET PARIS PLAGE
1755;261;62;CUCQ
1756;571;62;MERLIMONT
1757;14;62;AIRE-SUR-LA-LYS
1758;139;62;BLENDECQUES
1759;765;62;SAINT OMER
1760;525;62;LONGUENESSE
1761;40;62;ARQUES
1762;300;63;RIOM
1763;103;63;CHATELGUYON
1764;285;63;PONTGIBAUD
1765;430;63;THIERS
1766;178;63;ISSOIRE
1767;380;63;SAINT-NECTAIRE
1768;38;63;BESSE-ET-SAINT-ANASTAISE
1769;241;63;MONTPEYROUX
1770;98;63;CHASTREIX
1771;445;64;PAU
1772;129;64;BILLERE
1773;348;64;LONS
1774;132;64;BIZANOS
1775;519;64;SERRES CASTET
1776;385;64;MIOSSENS LANUSSE
1777;284;64;JURANCON
1778;269;64;IDRON
1779;416;64;NAVARRENX
1780;410;64;MOURENX
1781;237;64;GELOS
1782;511;64;SAUVAGNON
1783;374;64;MAZEROLLES
1784;430;64;ORTHEZ
1785;335;64;LESCAR
1786;467;64;RONTIGNON
1787;405;64;MORLAAS
1788;198;64;DENGUIN
1789;339;64;LESTELLE BETHARRAM
1790;422;64;OLORON SAINTE MARIE
1791;463;64;REBENACQ
1792;204;64;EAUX BONNES
1793;409;64;MOUMOUR
1794;320;64;LARUNS
1795;417;64;NAY
1796;522;64;SEVIGNACQ MEYRACQ
1797;40;64;ARETTE
1798;102;64;BAYONNE
1799;122;64;BIARRITZ
1800;24;64;ANGLET
1801;547;64;USTARITZ
1802;483;64;SAINT-JEAN-DE-LUZ
1803;371;64;MAULEON LICHARRE
1804;260;64;HENDAYE
1805;304;64;LAHONCE
1806;100;64;BASSUSSARRY
1807;189;64;CIBOURE
1808;256;64;HASPARREN
1809;538;64;UHART-CIZE
1810;493;64;SAINT-PALAIS
1811;286;65;LOURDES
1812;25;65;ARGELES-GAZOST
1813;127;65;CAPVERN
1814;440;65;TARBES
1815;138;65;CAUTERETS
1816;388;65;SAINT-LARY-SOULAN
1817;31;65;ARREAU
1818;384;65;SAILHAN
1819;123;65;CAMPAN
1820;59;65;BAGNERES-DE-BIGORRE
1821;481;65;BAREGES
1822;168;65;ESQUIEZE-SERE
1823;417;65;SEMEAC
1824;295;65;LUZ-SAINT-SAUVEUR
1825;199;65;GERM
1826;17;65;ARAGNOUET
1827;2;65;ADE
1828;465;65;VIELLE-AURE
1829;8;66;ARGELES SUR MER
1830;65;66;ELNE
1831;37;66;CANET EN ROUSSILLON
1832;182;66;SAINTE-MARIE-LA-MER
1833;171;66;SAINT-CYPRIEN
1834;136;66;PERPIGNAN
1835;212;66;TORREILLES
1836;17;66;LE BARCARES
1837;59;66;CORNEILLA DEL VERCOL
1838;213;66;TOULOUGES
1839;2;66;ALENYA
1840;4;66;LES ANGLES
1841;20;66;BOLQUERE
1842;3;66;AMELIE LES BAINS
1843;49;66;CERET
1844;124;66;FONT-ROMEU ODEILLO-VIA
1845;164;66;RIVESALTES
1846;154;66;PUYVALADOR
1847;187;66;SAINT-PAUL-DE-FENOUILLET
1848;82;66;FORMIGUERES
1849;24;66;LE BOULOU
1850;3;69;ALBIGNY-SUR-SAONE
1851;382;69;LYON 2EME
1852;143;69;NEUVILLE SUR SAONE
1853;384;69;LYON 4EME
1854;385;69;LYON 5EME
1855;389;69;LYON 9EME
1856;163;69;QUINCIEUX
1857;34;69;CALUIRE ET CUIRE
1858;381;69;LYON 1ER
1859;286;69;RILLIEUX-LA-PAPE
1860;88;69;FONTAINES SUR SAONE
1861;278;69;GENAY
1862;85;69;FLEURIEU-SUR-SAONE
1863;68;69;COUZON-AU-MONT-D OR
1864;292;69;SATHONAY-CAMP
1865;71;69;CURIS-AU-MONT-D'OR
1866;33;69;CAILLOUX-SUR-FONTAINES
1867;168;69;ROCHETAILLEE-SUR-SAONE
1868;233;69;SAINT-ROMAIN-AU-MONT-D OR
1869;284;69;MONTANAY
1870;293;69;SATHONAY-VILLAGE
1871;207;69;SAINT-GERMAIN-AU-MONT-D OR
1872;383;69;LYON 3EME
1873;387;69;LYON 7EME
1874;386;69;LYON 6EME
1875;388;69;LYON 8EME
1876;282;69;MEYZIEU
1877;289;69;SAINT-PIERRE-DE-CHANDIEU
1878;266;69;VILLEURBANNE
1879;259;69;VENISSIEUX
1880;275;69;DECINES-CHARPIEU
1881;297;69;TERNAY
1882;256;69;VAULX EN VELIN
1883;290;69;SAINT-PRIEST
1884;283;69;MIONS
1885;199;69;ST FONS
1886;271;69;CHASSIEU
1887;29;69;BRON
1888;273;69;CORBAS
1889;277;69;GENAS
1890;287;69;SAINT-BONNET-DE-MURE
1891;294;69;SEREZIN-DU-RHONE
1892;276;69;FEYZIN
1893;288;69;SAINT-LAURENT-DE-MURE
1894;296;69;SOLAIZE
1895;291;69;SAINT-SYMPHORIEN-D'OZON
1896;298;69;TOUSSIEU
1897;204;69;SAINT-GENIS-LAVAL
1898;149;69;OULLINS
1899;142;69;LA MULATIERE
1900;202;69;SAINTE FOY LES LYON
1901;176;69;SOUCIEU EN JARREST
1902;27;69;BRIGNAIS
1903;64;69;CONDRIEU
1904;241;69;TALUYERS
1905;96;69;GRIGNY
1906;91;69;GIVORS
1907;100;69;IRIGNY
1908;7;69;AMPUIS
1909;219;69;SAINT LAURENT D'AGNY
1910;46;69;CHARLY
1911;152;69;PIERRE BENITE
1912;260;69;VERNAISON
1913;189;69;SAINTE-COLOMBE
1914;235;69;SAINT ROMAIN EN GAL
1915;80;69;ECHALAS
1916;136;69;MONTAGNY
1917;141;69;MORNANT
1918;43;69;CHAPONOST
1919;268;69;VOURLES
1920;89;69;FRANCHEVILLE
1921;63;69;COLLONGES-AU-MONT- D OR
1922;81;69;ECULLY
1923;72;69;DARDILLY
1924;69;69;CRAPONNE
1925;244;69;TASSIN-LA-DEMI-LUNE
1926;28;69;BRINDAS
1927;78;69;DUERNE
1928;127;69;MARCY-L ETOILE
1929;125;69;MARCILLY-D AZERGUES
1930;10;69;L ARBRESLE
1931;40;69;CHAMPAGNE-AU-MONT-D OR
1932;86;69;FLEURIEUX-SUR-L ARBRESLE
1933;94;69;GREZIEU-LA-VARENNE
1934;116;69;LIMONEST
1935;44;69;CHARBONNIERES-LES-BAINS
1936;171;69;SAIN-BEL
1937;112;69;LENTILLY
1938;49;69;CHASSELAY
1939;31;69;BRUSSIEU
1940;32;69;BULLY
1941;191;69;SAINT CYR AU MONT D OR
1942;208;69;SAINT GERMAIN NUELLES
1943;67;69;COURZIEU
1944;76;69;DOMMARTIN
1945;154;69;POLLIONNAY
1946;250;69;LA TOUR DE SALVAGNY
1947;201;69;SAINTE-FOY-L ARGENTIERE
1948;194;69;SAINT-DIDIER-AU-MONT-D OR
1949;238;69;SAINT SYMPHORIEN SUR COISE
1950;249;69;THURINS
1951;173;69;SARCEY
1952;264;69;VILLEFRANCHE
1953;248;69;THIZY LES BOURGS
1954;121;69;LOZANNE
1955;115;69;LIMAS
1956;4;69;ALIX
1957;13;69;ARNAS
1958;243;69;TARARE
1959;92;69;GLEIZE
1960;206;69;SAINT GEORGES DE RENEINS
1961;45;69;CHARENTAY
1962;9;69;ANSE
1963;107;69;LAMURE SUR AZERGUES
1964;196;69;SAINT-DIDIER-SUR-BEAUJEU
1965;19;69;BELLEVILLE-EN-BEAUJOLAIS
1966;200;69;SAINT-FORGEUX
1967;6;69;AMPLEPUIS
1968;265;69;VILLE SUR JARNIOUX
1969;215;69;SAINT-JULIEN
1970;111;69;LEGNY
1971;24;69;VAL D'OINGT
1972;36;69;CERCIE
1973;122;69;LUCENAY
1974;56;69;CHESSY
1975;126;69;MARCY
1976;311;70;LUXEUIL-LES-BAINS
1977;285;70;HERICOURT
1978;310;70;LURE
1979;473;70;SAINT-SAUVEUR
1980;117;70;CHALONVILLARS
1981;561;70;VILLERSEXEL
1982;116;70;CHAGEY
1983;550;70;VESOUL
1984;388;70;NOIDANS-LES-VESOUL
1985;378;70;NAVENNE
1986;447;70;RIOZ
1987;428;70;PUSEY
1988;207;70;ECHENOZ-LA-MELINE
1989;26;70;ARC-LES-GRAY
1990;270;71;MACON
1991;543;71;TOURNUS
1992;137;71;CLUNY
1993;310;71;MONTCHANIN
1994;404;71;SAINT-DESERT
1995;76;71;CHALON-SUR-SAONE
1996;221;71;GIVRY
1997;475;71;SAINT-REMY
1998;306;71;MONTCEAU LES MINES
1999;486;71;SAINT VALLIER
2000;73;71;CHAGNY
2001;106;71;CHAROLLES
2002;342;71;PARAY LE MONIAL
2003;120;71;CHAUFFAILLES
2004;176;71;DIGOIN
2005;14;71;AUTUN
2006;153;71;LE CREUSOT
2007;40;71;BLANZY
2008;479;71;SAINT SERNIN DU BOIS
2009;263;71;LOUHANS
2010;181;72;LE MANS
2011;260;72;RUAUDIN
2012;3;72;ALLONNES
2013;231;72;PARIGNE L EVEQUE
2014;213;72;MULSANNE
2015;71;72;MONTVAL-SUR-LOIR
2016;241;72;MONTFORT-LE-GESNOIS
2017;269;72;SAINT CALAIS
2018;299;72;SAINT MARS D OUTILLE
2019;264;72;SABLE SUR SARTHE
2020;223;72;NOYEN SUR SARTHE
2021;154;72;LA FLECHE
2022;13;72;AUBIGNE RACAN
2023;84;72;CLERMONT CREANS
2024;132;72;LA FERTE BERNARD
2025;56;72;CHAMPFLEUR
2026;180;72;MAMERS
2027;29;72;BEAUMONT SUR SARTHE
2028;8;73;AIX LES BAINS
2029;150;73;LA PLAGNE TARENTAISE
2030;249;73;SAINT-JEOIRE-PRIEURE
2031;257;73;LES BELLEVILLE
2032;290;73;VAL CENIS
2033;109;73;EPIERRE
2034;11;73;ALBERTVILLE
2035;306;73;VALLOIRE
2036;235;73;SAINT FRANCOIS LONGCHAMP
2037;307;73;VALMEINIER
2038;213;73;LA RAVOIRE
2039;30;73;BARBY
2040;304;73;VAL-D ISERE
2041;15;73;LES ALLUES
2042;65;73;CHAMBERY
2043;176;73;MONTVALEZAN
2044;296;73;TIGNES
2045;157;73;MODANE
2046;23;73;AUSSOIS
2047;54;73;BOURG-SAINT-MAURICE
2048;182;73;MOUXY
2049;6;73;AIME LA PLAGNE
2050;31;73;BASSENS
2051;132;73;HAUTELUCE
2052;227;73;COURCHEVEL
2053;243;73;SAINT-JEAN-D ARVEY
2054;317;73;VILLARD SUR DORON
2055;10;73;ENTRELACS
2056;329;73;VOGLANS
2057;300;73;TRESSERVE
2058;114;73;FLUMET
2059;179;73;LA MOTTE SERVOLEX
2060;206;73;PRALOGNAN-LA-VANOISE
2061;24;73;LES AVANCHERS VALMOREL
2062;29;73;BARBERAZ
2063;13;73;ALBIEZ-MONTROND
2064;133;74;GAILLARD
2065;26;74;LA BALME DE SILLINGY
2066;10;74;ANNECY
2067;123;74;FAVERGES-SEYTHENEX
2068;160;74;MANIGOD
2069;136;74;LE GRAND BORNAND
2070;288;74;VALLEIRY
2071;299;74;VEYRIER-DU-LAC
2072;104;74;DOUSSARD
2073;12;74;ANNEMASSE
2074;201;74;NEYDENS
2075;19;74;ARGONAY
2076;225;74;RUMILLY
2077;298;74;VETRAZ-MONTHOUX
2078;185;74;MONNETIER-MORNEX
2079;82;74;COLLONGES-SOUS-SALEVE
2080;305;74;VILLE-LA-GRAND
2081;153;74;LUCINGES
2082;40;74;BONNE
2083;213;74;POISY
2084;69;74;CHENEX
2085;243;74;SAINT-JULIEN-EN-GENEVOIS
2086;80;74;LA CLUSAZ
2087;280;74;THONES
2088;6;74;ALLONZIER-LA-CAILLE
2089;112;74;EPAGNY METZ-TESSY
2090;108;74;DUINGT
2091;88;74;COPPONEX
2092;16;74;ARCHAMPS
2093;137;74;GROISY
2094;309;74;VIRY
2095;176;74;MENTHON-SAINT-BERNARD
2096;56;74;CHAMONIX MONT BLANC
2097;311;74;VIUZ-EN-SALLAZ
2098;215;74;PRAZ SUR ARLY
2099;224;74;LA ROCHE SUR FORON
2100;264;74;SCIONZIER
2101;83;74;COMBLOUX
2102;278;74;THYEZ
2103;85;74;LES CONTAMINES MONTJOIE
2104;189;74;MONT-SAXONNEX
2105;205;74;ONNION
2106;236;74;SAINT GERVAIS LES BAINS
2107;256;74;SALLANCHES
2108;14;74;ARACHES LA FRASSE
2109;266;74;SERVOZ
2110;276;74;TANINGES
2111;134;74;LES GETS
2112;173;74;MEGEVE
2113;42;74;BONNEVILLE
2114;208;74;PASSY
2115;81;74;CLUSES
2116;190;74;MORILLON
2117;164;74;MARIGNIER
2118;258;74;SAMOENS
2119;290;74;VALLORCINE
2120;99;74;DEMI-QUARTIER
2121;90;74;CORNIER
2122;143;74;LES HOUCHES
2123;284;74;LA TOUR
2124;183;74;MIEUSSY
2125;7;74;AMANCY
2126;294;74;VERCHAIX
2127;241;74;SAINT-JEOIRE
2128;89;74;CORDON
2129;250;74;SAINT-PIERRE-EN-FAUCIGNY
2130;87;74;CONTAMINE-SUR-ARVE
2131;212;74;GLIERES-VAL-DE-BORNE
2132;169;74;MARNAZ
2133;119;74;EVIAN-LES-BAINS
2134;249;74;SAINT-PAUL-EN-CHABLAIS
2135;238;74;SAINT-JEAN-D'AULPS
2136;575;76;SAINT-ETIENNE-DU-ROUVRAY
2137;540;76;ROUEN
2138;429;76;MESNIL-ESNARD (LE)
2139;322;76;GRAND QUEVILLY (LE)
2140;103;76;BONSECOURS
2141;498;76;PETIT QUEVILLY (LE)
2142;497;76;PETIT-COURONNE (LE)
2143;681;76;SOTTEVILLE-LES-ROUEN
2144;165;76;CAUDEBEC-LES-ELBEUF
2145;231;76;ELBEUF
2146;705;76;TOURVILLE-LA-RIVIERE
2147;640;76;SAINT PIERRE LES ELBEUF
2148;5;76;AMFREVILLE-LA-MIVOIE
2149;451;76;MONT-SAINT-AIGNAN
2150;410;76;MAROMME
2151;212;76;DARNETAL
2152;157;76;CANTELEU
2153;57;76;BARENTIN
2154;108;76;BOIS GUILLAUME
2155;599;76;SAINT-LEGER-DU-BOURG-DENIS
2156;216;76;DEVILLE-LES-ROUEN
2157;95;76;BIHOREL
2158;474;76;NOTRE-DAME-DE-BONDEVILLE
2159;743;76;VILLERS ECALLES
2160;217;76;DIEPPE
2161;26;76;ARQUES-LA-BATAILLE
2162;711;76;LE TREPORT
2163;255;76;EU
2164;351;76;LE HAVRE
2165;552;76;STE ADRESSE
2166;341;76;HARFLEUR
2167;447;76;MONTIVILLIERS
2168;329;76;GRUCHET-LE-VALASSE
2169;647;76;SAINT-ROMAIN-DE-COLBOSC
2170;596;76;SAINT-LAURENT-DE-BREVEDENT
2171;259;76;FECAMP
2172;382;76;LANQUETOT
2173;384;76;LILLEBONNE
2174;254;76;ETRETAT
2175;476;76;PORT-JEROME-SUR-SEINE
2176;305;76;GONFREVILLE L ORCHER
2177;406;76;MANIQUERVILLE
2178;114;76;BOLBEC
2179;141;76;BREAUTE
2180;276;76;FORGES-LES-EAUX
2181;312;76;GOURNAY-EN-BRAY
2182;164;76;RIVES-EN-SEINE
2183;655;76;SAINT-VALERY-EN-CAUX
2184;758;76;YVETOT
2185;637;76;SAINT-PIERRE-EN-PORT
2186;613;76;SAINT MARTIN AUX BUNEAUX
2187;752;76;YERVILLE
2188;325;76;GREMONVILLE
2189;450;77;SERVON
2190;350;77;OZOIR LA FERRIERE
2191;288;77;MELUN
2192;470;77;TOURNAN-EN-BRIE
2193;487;77;VAUX-LE-PENIL
2194;285;77;LE MEE SUR SEINE
2195;53;77;BRIE COMTE ROBERT
2196;82;77;CHAMPEAUX
2197;122;77;COMBS LA VILLE
2198;251;77;LIEUSAINT
2199;407;77;SAINT-FARGEAU-PONTHIERRY
2200;249;77;LESIGNY
2201;22;77;BARBIZON
2202;215;77;GRETZ-ARMAINVILLIERS
2203;384;77;REAU
2204;445;77;SAVIGNY-LE-TEMPLE
2205;326;77;NANDY
2206;377;77;PRESLES-EN-BRIE
2207;373;77;PONTAULT COMBAULT
2208;222;77;GUIGNES
2209;96;77;CHARTRETTES
2210;152;77;DAMMARIE LES LYS
2211;67;77;CESSON
2212;217;77;GRISY-SUISNES
2213;100;77;CHATELET-EN-BRIE (LE)
2214;389;77;ROCHETTE(LA)
2215;266;77;MACHAULT
2216;390;77;ROISSY-EN-BRIE
2217;378;77;PRINGY
2218;457;77;SOLERS
2219;296;77;MOISSY-CRAMAYEL
2220;305;77;MONTEREAU FAULT YONNE
2221;431;77;SAINT-PIERRE-LES-NEMOURS
2222;312;77;MONTIGNY-SUR-LOING
2223;186;77;FONTAINEBLEAU
2224;4;77;ANDREZEL
2225;14;77;AVON
2226;44;77;BOMBON
2227;333;77;NEMOURS
2228;455;77;SOIGNOLLES-EN-BRIE
2229;226;77;HERICY
2230;127;77;COUBERT
2231;316;77;MORET-LOING-ET-ORVANNE
2232;441;77;SAMOIS SUR SEINE
2233;339;77;NOISY-SUR-ECOLE
2234;114;77;CHEVRY-COSSIGNY
2235;175;77;EVRY-GREGY-SUR-YERRE
2236;107;77;CHAUMES-EN-BRIE
2237;79;77;CHAMPAGNE SUR SEINE
2238;447;77;SEINE-PORT
2239;177;77;FAVIERES
2240;317;77;MORMANT
2241;531;77;VOULX
2242;1;77;ACHERES-LA-FORET
2243;81;77;CHAMPDEUIL
2244;458;77;SOUPPES-SUR-LOING
2245;374;77;PONTCARRE
2246;419;77;SAINT-MAMMES
2247;435;77;SAINT-SAUVEUR-SUR-ECOLE
2248;453;77;SIVRY-COURTRY
2249;37;77;BOIS LE ROI
2250;425;77;SAINT-MARTIN-EN-BIERE
2251;385;77;REBAIS
2252;192;77;FONTENAY-TRESIGNY
2253;131;77;COULOMMIERS
2254;382;77;QUINCY-VOISINS
2255;240;77;JOUY-SUR-MORIN
2256;183;77;LA FERTE SOUS JOUARRE
2257;171;77;ESBLY
2258;117;77;CITRY
2259;148;77;CROUY-SUR-OURCQ
2260;318;77;MORTCERF
2261;393;77;ROZAY-EN-BRIE
2262;280;77;MARY-SUR-MARNE
2263;128;77;COUILLY-PONT-AUX-DAMES
2264;142;77;CRECY LA CHAPELLE
2265;24;77;BASSEVELLE
2266;125;77;CONDE-SAINTE-LIBIAIRE
2267;182;77;FERTE-GAUCHER (LA)
2268;510;77;VILLENEUVE-SAINT-DENIS
2269;163;77;DOUY-LA-RAMEE
2270;436;77;SAINT-SIMEON
2271;433;77;BEAUTHEIL-SAINTS
2272;521;77;VILLIERS-SUR-MORIN
2273;238;77;JOUARRE
2274;61;77;CANNES-ECLUSE
2275;202;77;GENEVRAYE (LA)
2276;118;77;CLAYE-SOUILLY
2277;284;77;MEAUX
2278;438;77;SAINT THIBAULT DES VIGNES
2279;468;77;TORCY
2280;108;77;CHELLES
2281;514;77;VILLEPARISIS
2282;259;77;LONGPERRIER
2283;58;77;BUSSY-SAINT-GEORGES
2284;449;77;SERRIS
2285;307;77;MONTEVRAIN
2286;337;77;NOISIEL
2287;5;77;ANNET-SUR-MARNE
2288;372;77;POMPONNE
2289;121;77;COLLEGIEN
2290;483;77;VARREDDES
2291;243;77;LAGNY-SUR-MARNE
2292;83;77;CHAMPS-SUR-MARNE
2293;169;77;EMERAINVILLE
2294;59;77;BUSSY-SAINT-MARTIN
2295;430;77;SAINT-PATHUS
2296;153;77;DAMMARTIN-EN-GOELE
2297;479;77;VAIRES SUR MARNE
2298;258;77;LOGNES
2299;85;77;CHANTELOUP EN BRIE
2300;268;77;MAGNY-LE-HONGRE
2301;132;77;COUPVRAY
2302;513;77;VILLENOY
2303;464;77;THORIGNY SUR MARNE
2304;18;77;BAILLY-ROMAINVILLIERS
2305;363;77;LE PIN
2306;143;77;CREGY-LES-MEAUX
2307;111;77;CHESSY
2308;511;77;VILLENEUVE SOUS DAMMARTIN
2309;55;77;BROU-SUR-CHANTEREINE
2310;517;77;VILLEVAUDE
2311;181;77;FERRIERES-EN-BRIE
2312;294;77;MITRY MORY
2313;330;77;NANTEUIL-LES-MEAUX
2314;155;77;DAMPMART
2315;332;77;NANTOUILLET
2316;94;77;CHARMENTRAY
2317;475;77;TRILPORT
2318;420;77;SAINT-MARD
2319;437;77;SAINT-SOUPPLETS
2320;344;77;OISSERY
2321;349;77;OTHIS
2322;237;77;JOSSIGNY
2323;139;77;COURTRY
2324;146;77;CROISSY-BEAUBOURG
2325;474;77;TRILBARDOU
2326;209;77;GOUVERNES
2327;369;77;POINCY
2328;62;77;CARNETIN
2329;335;77;CHAUCONIN-NEUFMONTIERS
2330;221;77;GUERMANTES
2331;77;77;CHAMBRY
2332;292;77;MESSY
2333;462;77;THIEUX
2334;232;77;ISLES-LES-VILLENOY
2335;379;77;PROVINS
2336;201;77;GASTINS
2337;327;77;NANGIS
2338;325;77;MOUY-SUR-SEINE
2339;347;77;ORMES-SUR-VOULZIE (LES)
2340;321;77;MOUSSEAUX-LES-BRAY
2341;272;77;MAISON-ROUGE
2342;646;78;VERSAILLES
2343;545;78;SAINT-CYR-L ECOLE
2344;73;78;BOIS D ARCY
2345;686;78;VIROFLAY
2346;423;78;MONTIGNY LE BRETONNEUX
2347;640;78;VELIZY VILLACOUBLAY
2348;621;78;TRAPPES
2349;297;78;GUYANCOURT
2350;242;78;FONTENAY LE FLEURY
2351;158;78;LE CHESNAY-ROCQUENCOURT
2352;322;78;JOUY EN JOSAS
2353;117;78;BUC
2354;143;78;CHATEAUFORT
2355;372;78;MARLY-LE-ROI
2356;650;78;VESINET (LE)
2357;490;78;PLAISIR
2358;165;78;CLAYES-SOUS-BOIS (LES)
2359;358;78;MAISONS-LAFFITTE
2360;586;78;SARTROUVILLE
2361;350;78;LOUVECIENNES
2362;190;78;CROISSY SUR SEINE
2363;124;78;CARRIERES SUR SEINE
2364;311;78;HOUILLES
2365;224;78;ETANG-LA-VILLE (L )
2366;146;78;CHATOU
2367;674;78;VILLEPREUX
2368;502;78;PORT-MARLY (LE)
2369;418;78;MONTESSON
2370;396;78;MESNIL-LE-ROI (LE)
2371;92;78;BOUGIVAL
2372;126;78;CELLE-SAINT-CLOUD (LA)
2373;455;78;NOISY LE ROI
2374;571;78;SAINT-NOM-LA-BRETECHE
2375;152;78;CHAVENAY
2376;43;78;BAILLY
2377;233;78;FEUCHEROLLES
2378;172;78;CONFLANS SAINTE HONORINE
2379;382;78;MAURECOURT
2380;481;78;PECQ (LE)
2381;15;78;ANDRESY
2382;551;78;SAINT-GERMAIN-EN-LAYE
2383;466;78;ORGEVAL
2384;380;78;MAULE
2385;498;78;POISSY
2386;624;78;TRIEL SUR SEINE
2387;401;78;MEULAN-EN-YVELINES
2388;123;78;CARRIERES SOUS POISSY
2389;642;78;VERNEUIL SUR SEINE
2390;440;78;MUREAUX (LES)
2391;5;78;ACHERES
2392;367;78;MAREIL-MARLY
2393;672;78;VILLENNES-SUR-SEINE
2394;643;78;VERNOUILLET
2395;29;78;AUBERGENVILLE
2396;90;78;BOUAFLE
2397;138;78;CHANTELOUP-LES-VIGNES
2398;431;78;MORAINVILLIERS
2399;206;78;ECQUEVILLY
2400;638;78;VAUX-SUR-SEINE
2401;403;78;MEZY-SUR-SEINE
2402;133;78;CHAMBOURCY
2403;189;78;CRESPIERES
2404;451;78;NEZEL
2405;238;78;FLINS-SUR-SEINE
2406;217;78;EPONE
2407;361;78;MANTES-LA-JOLIE
2408;118;78;BUCHELAY
2409;402;78;MEZIERES-SUR-SEINE
2410;362;78;MANTES-LA-VILLE
2411;310;78;HOUDAN
2412;246;78;FONTENAY-SAINT-PERE
2413;335;78;LIMAY
2414;314;78;ISSOU
2415;255;78;FRENEUSE
2416;381;78;MAULETTE
2417;484;78;PERDREAUVILLE
2418;57;78;BENNECOURT
2419;267;78;GARGENVILLE
2420;591;78;SEPTEUIL
2421;520;78;RICHEBOURG
2422;89;78;BONNIERES-SUR-SEINE
2423;337;78;LIMETZ-VILLEZ
2424;291;78;GUERVILLE
2425;327;78;JUZIERS
2426;565;78;SAINT-MARTIN-DES-CHAMPS
2427;354;78;MAGNANVILLE
2428;474;78;ORVILLIERS
2429;383;78;MAUREPAS
2430;208;78;ELANCOURT
2431;128;78;CERNAY-LA-VILLE
2432;397;78;MESNIL-SAINT-DENIS (LE)
2433;356;78;MAGNY-LES-HAMEAUX
2434;517;78;RAMBOUILLET
2435;562;78;SAINT-LEGER-EN-YVELINES
2436;220;78;ESSARTS-LE-ROI (LES)
2437;62;78;BEYNES
2438;616;78;THOIRY
2439;321;78;JOUARS-PONTCHARTRAIN
2440;262;78;GALLUIS
2441;550;78;SAINT-GERMAIN-DE-LA-GRANGE
2442;442;78;NEAUPHLE-LE-CHATEAU
2443;160;78;CHEVREUSE
2444;537;78;SAINT-ARNOULT-EN-YVELINES
2445;366;78;MAREIL-LE-GUYON
2446;398;78;MESNULS (LES)
2447;575;78;SAINT-REMY-LES-CHEVREUSE
2448;688;78;VOISINS-LE-BRETONNEUX
2449;513;78;QUEUE-LES-YVELINES (LA)
2450;269;78;GAZERAN
2451;168;78;COIGNIERES
2452;420;78;MONTFORT-L AMAURY
2453;120;78;BULLION
2454;683;78;VILLIERS-SAINT-FREDERIC
2455;486;78;PERRAY-EN-YVELINES (LE)
2456;623;78;TREMBLAY-SUR-MAULDRE (LE)
2457;87;78;BONNELLES
2458;644;78;VERRIERE (LA)
2459;522;78;ROCHEFORT-EN-YVELINES
2460;193;78;DAMPIERRE-EN-YVELINES
2461;202;79;PARTHENAY
2462;191;79;NIORT
2463;114;79;EXIREUIL
2464;81;79;CHAURAY
2465;270;79;ST MAIXENT L ECOLE
2466;124;79;LES FORGES
2467;49;79;BRESSUIRE
2468;130;79;FRONTENAY-ROHAN-ROHAN
2469;21;80;AMIENS
2470;489;80;LONGUEAU
2471;702;80;SAINT-FUSCIEN
2472;212;80;CORBIE
2473;164;80;CAMON
2474;627;80;PLACHY-BUYON
2475;333;80;FORT-MAHON-PLAGE
2476;228;80;LE CROTOY
2477;182;80;CAYEUX-SUR-MER
2478;253;80;DOULLENS
2479;649;80;QUEND
2480;368;80;FRIVILLE-ESCARBOTIN
2481;533;80;MERS-LES-BAINS
2482;39;80;AULT
2483;1;80;ABBEVILLE
2484;826;80;WOIGNARUE
2485;721;80;SAINT-VALERY-SUR-SOMME
2486;685;80;ROYE
2487;524;80;MEHARICOURT
2488;10;80;AILLY-SUR-NOYE
2489;16;80;ALBERT
2490;620;80;PERONNE
2491;4;81;ALBI
2492;145;81;LISLE-SUR-TARN
2493;257;81;SAINT JUERY
2494;65;81;CASTRES
2495;163;81;MAZAMET
2496;271;81;SAINT-SULPICE-LA-POINTE
2497;112;82;MOISSAC
2498;121;82;MONTAUBAN
2499;96;82;LA VILLE DIEU DU TEMPLE
2500;33;82;CASTELSARRASIN
2501;13;82;BEAUMONT DE LOMAGNE
2502;161;82;ST-ETIENNE-DE-TULMONT
2503;125;82;MONTECH
2504;124;82;MONTBETON
2505;190;82;VERDUN-SUR-GARONNE
2506;37;82;CAUSSADE
2507;155;82;SAINT ANTONIN NOBLE VAL
2508;75;82;GRISOLLES
2509;61;83;FREJUS
2510;50;83;DRAGUIGNAN
2511;68;83;GRIMAUD
2512;118;83;SAINT RAPHAEL
2513;42;83;COGOLIN
2514;119;83;SAINT TROPEZ
2515;107;83;ROQUEBRUNE-SUR-ARGENS
2516;48;83;LA CROIX VALMER
2517;115;83;SAINTE MAXIME
2518;86;83;LE MUY
2519;99;83;PUGET-SUR-ARGENS
2520;101;83;RAMATUELLE
2521;36;83;CAVALAIRE-SUR-MER
2522;1;83;LES ADRETS DE L ESTEREL
2523;8;83;BAGNOLS-EN-FORET
2524;51;83;ENTRECASTEAUX
2525;29;83;CALLIAN
2526;23;83;BRIGNOLES
2527;55;83;FAYENCE
2528;124;83;SEILLANS
2529;72;83;LORGUES
2530;12;83;BARJOLS
2531;81;83;MONTAUROUX
2532;140;83;TOURVES
2533;64;83;GAREOULT
2534;11;83;BARGEMON
2535;41;83;CLAVIERS
2536;31;83;LE CANNET DES MAURES
2537;138;83;TOURRETTES
2538;67;83;GONFARON
2539;4;83;LES ARCS
2540;104;83;RIANS
2541;106;83;ROCBARON
2542;73;83;LE LUC
2543;83;83;MONTFORT SUR ARGENS
2544;121;83;SALERNES
2545;148;83;VIDAUBAN
2546;26;83;CABASSE
2547;110;83;ROUGIERS
2548;82;83;MONTFERRAT
2549;139;83;TOURTOUR
2550;116;83;ST MAXIMIN LA STE BAUME
2551;62;83;LA GARDE
2552;126;83;LA SEYNE SUR MER
2553;137;83;TOULON
2554;129;83;SIX-FOURS-LES-PLAGES
2555;144;83;LA VALETTE DU VAR
2556;98;83;LE PRADET
2557;153;83;SAINT-MANDRIER-SUR-MER
2558;103;83;LE REVEST LES EAUX
2559;70;83;LE LAVANDOU
2560;34;83;CARQUEIRANNE
2561;9;83;BANDOL
2562;123;83;SANARY SUR MER
2563;130;83;SOLLIES-PONT
2564;69;83;HYERES
2565;16;83;LE BEAUSSET
2566;112;83;SAINT-CYR-SUR-MER
2567;71;83;LA LONDE LES MAURES
2568;27;83;LA CADIERE D AZUR
2569;90;83;OLLIOULES
2570;19;83;BORMES-LES-MIMOSAS
2571;54;83;LA FARLEDE
2572;47;83;LA CRAU
2573;100;83;PUGET-VILLE
2574;49;83;CUERS
2575;53;83;EVENOS
2576;91;83;PIERREFEU-DU-VAR
2577;17;83;BELGENTIER
2578;132;83;SOLLIES-VILLE
2579;131;83;SOLLIES-TOUCAS
2580;33;83;CARNOULES
2581;127;83;SIGNES
2582;35;83;LE CASTELLET
2583;43;83;COLLOBRIERES
2584;31;84;CARPENTRAS
2585;7;84;AVIGNON
2586;80;84;MONTEUX
2587;17;84;BEDOIN
2588;129;84;SORGUES
2589;92;84;LE PONTET
2590;81;84;MORIERES LES AVIGNON
2591;88;84;PERNES LES FONTAINES
2592;16;84;BEDARRIDES
2593;122;84;SARRIANS
2594;141;84;VEDENE
2595;39;84;COURTHEZON
2596;4;84;AUBIGNAN
2597;43;84;ENTRAIGUES-SUR-LA-SORGUE
2598;30;84;CAROMB
2599;70;84;MALEMORT-DU-COMTAT
2600;147;84;VILLELAURE
2601;3;84;APT
2602;54;84;L ISLE SUR LA SORGUE
2603;89;84;PERTUIS
2604;65;84;LAURIS
2605;35;84;CAVAILLON
2606;132;84;LE THOR
2607;133;84;LA TOUR D AIGUES
2608;124;84;SAUMANE-DE-VAUCLUSE
2609;144;84;VIENS
2610;118;84;SAINT-SATURNIN LES APT
2611;36;84;CHATEAUNEUF-DE-GADAGNE
2612;9;84;LA BASTIDE DES JOURDANS
2613;74;84;MERINDOL
2614;87;84;ORANGE
2615;106;84;SAINTE-CECILE-LES-VIGNES
2616;19;84;BOLLENE
2617;56;84;JONQUIERES
2618;136;84;VACQUEYRAS
2619;137;84;VAISON-LA-ROMAINE
2620;150;84;VISAN
2621;8;84;BARROUX (LE)
2622;83;84;MORNAS
2623;69;84;MALAUCENE
2624;12;84;BEAUMES-DE-VENISE
2625;37;84;CHATEAUNEUF-DU-PAPE
2626;127;84;SERIGNAN-DU-COMTAT
2627;191;85;ROCHE SUR YON (LA)
2628;262;85;SAINT-PHILBERT-DE-BOUAINE
2629;84;85;ESSARTS EN BOCAGE
2630;146;85;MONTAIGU-VENDEE
2631;51;85;CHANTONNAY
2632;38;85;BROUZILS (LES)
2633;190;85;ROCHESERVIERE
2634;215;85;SAINT-FULGENT
2635;109;85;HERBIERS (LES)
2636;151;85;MORTAGNE-SUR-SEVRE
2637;92;85;FONTENAY-LE-COMTE
2638;128;85;LUCON
2639;1;85;AIGUILLON-SUR-MER (L )
2640;127;85;LONGEVILLE-SUR-MER
2641;288;85;TALMONT-SAINT-HILAIRE
2642;35;85;BRETIGNOLLES-SUR-MER
2643;226;85;SAINT-HILAIRE-DE-RIEZ
2644;194;85;SABLES-D'OLONNE (LES)
2645;222;85;SAINT-GILLES-CROIX-DE-VIE
2646;307;85;FAUTE-SUR-MER (LA)
2647;294;85;TRANCHE-SUR-MER (LA)
2648;114;85;JARD-SUR-MER
2649;278;85;SAINT-VINCENT-SUR-JARD
2650;298;85;VAIRE
2651;152;85;LES ACHARDS
2652;47;85;CHALLANS
2653;18;85;BEAUVOIR-SUR-MER
2654;163;85;NOIRMOUTIER-EN-L'ILE
2655;234;85;SAINT-JEAN-DE-MONTS
2656;164;85;NOTRE-DAME-DE-MONTS
2657;11;85;BARBATRE
2658;12;85;BARRE-DE-MONTS (LA)
2659;194;86;POITIERS
2660;62;86;CHASSENEUIL-DU-POITOU
2661;157;86;MIGNALOUX-BEAUVOIR
2662;100;86;FONTAINE-LE-COMTE
2663;41;86;BUXEROLLES
2664;66;86;CHATELLERAULT
2665;207;86;LA ROCHE POSAY
2666;34;86;BOURESSE
2667;70;86;CHAUVIGNY
2668;75;87;ISLE
2669;85;87;LIMOGES
2670;187;87;ST YRIEIX LA PERCHE
2671;161;87;ST-LEONARD-DE-NOBLAT
2672;14;87;BESSINES-SUR-GARTEMPE
2673;50;87;COUZEIX
2674;209;88;GOLBEY
2675;160;88;EPINAL
2676;225;88;HADOL
2677;126;88;DARNIEULLES
2678;516;88;VITTEL
2679;465;88;CAPAVENIR VOSGES
2680;122;88;DAMAS-ET-BETTEGNEY
2681;87;88;CHANTRAINE
2682;132;88;DEYVILLERS
2683;273;88;LONGCHAMP
2684;114;88;CONTREXEVILLE
2685;304;88;MIRECOURT
2686;321;88;NEUFCHATEAU
2687;101;88;CHENIMENIL
2688;347;88;PIERREFITTE
2689;178;88;LES FORGES
2690;201;88;GIRANCOURT
2691;270;88;LIFFOL-LE-GRAND
2692;262;88;LAVELINE-DEVANT-BRUYERES
2693;367;88;RAMBERVILLERS
2694;253;88;JEUXEY
2695;181;88;FRAIZE
2696;349;88;PLAINFAING
2697;372;88;RAON L ETAPE
2698;531;88;XONRUPT-LONGEMER
2699;196;88;GERARDMER
2700;341;88;PAIR-ET-GRANDRUPT
2701;413;88;SAINT DIE DES VOSGES
2702;424;88;SAINTE-MARGUERITE
2703;445;88;SAULCY-SUR-MEURTHE
2704;319;88;MOYENMOUTIER
2705;198;88;GERBEPAL
2706;177;88;LA FORGE
2707;500;88;VENTRON
2708;81;88;BUSSANG
2709;75;88;LA BRESSE
2710;383;88;REMIREMONT
2711;369;88;RAMONCHAMP
2712;408;88;RUPT-SUR-MOSELLE
2713;429;88;SAINT-NABORD
2714;468;88;LE THILLOT
2715;486;88;VAGNEY
2716;442;88;SAPOIS
2717;116;88;CORNIMONT
2718;415;88;ST-ETIENNE-LES-REMIREMONT
2719;358;88;POUXEUX
2720;24;89;AUXERRE
2721;346;89;ST GEORGES SUR BAULCHE
2722;418;89;TONNERRE
2723;102;89;CHEVANNES
2724;438;89;VENOY
2725;267;89;MONTREAL
2726;25;89;AVALLON
2727;464;89;VILLENEUVE SUR YONNE
2728;287;89;PARON
2729;338;89;ST CLEMENT
2730;387;89;SENS
2731;380;89;SAVIGNY SUR CLAIRIS
2732;370;89;ST VALERIEN
2733;239;89;MALAY LE GRAND
2734;414;89;THORIGNY-SUR-OREUSE
2735;100;89;CHEROY
2736;10;90;BELFORT
2737;75;90;OFFEMONT
2738;9;90;BEAUCOURT
2739;86;91;BONDOUFLE
2740;174;91;CORBEIL ESSONNES
2741;97;91;BOUSSY-SAINT-ANTOINE
2742;114;91;BRUNOY
2743;228;91;EVRY-COURCOURONNES
2744;225;91;ETIOLLES
2745;386;91;MENNECY
2746;659;91;VILLABE
2747;691;91;YERRES
2748;179;91;COUDRAY-MONTCEAUX (LE)
2749;45;91;BALLANCOURT-SUR-ESSONNE
2750;573;91;SAINT-PIERRE-DU-PERRAY
2751;201;91;DRAVEIL
2752;631;91;VARENNES-JARCY
2753;191;91;CROSNE
2754;421;91;MONTGERON
2755;600;91;SOISY-SUR-SEINE
2756;657;91;VIGNEUX SUR SEINE
2757;244;91;FONTENAY-LE-VICOMTE
2758;553;91;SAINT-GERMAIN-LES-CORBEIL
2759;340;91;LISSES
2760;577;91;SAINTRY-SUR-SEINE
2761;521;91;RIS-ORANGIS
2762;649;91;VERT LE PETIT
2763;215;91;EPINAY-SOUS-SENART
2764;514;91;QUINCY-SOUS-SENART
2765;468;91;ORMOY
2766;617;91;TIGERY
2767;135;91;CHAMPCUEIL
2768;648;91;VERT LE GRAND
2769;589;91;SAVIGNY-SUR-ORGE
2770;27;91;ATHIS MONS
2771;326;91;JUVISY SUR ORGE
2772;549;91;SAINTE-GENEVIEVE-DES-BOIS
2773;345;91;LONGJUMEAU
2774;377;91;MASSY
2775;432;91;MORANGIS
2776;689;91;WISSOUS
2777;161;91;CHILLY MAZARIN
2778;587;91;SAULX-LES-CHARTREUX
2779;44;91;BALLAINVILLIERS
2780;687;91;VIRY CHATILLON
2781;685;91;VILLIERS-SUR-ORGE
2782;434;91;MORSANG-SUR-ORGE
2783;286;91;GRIGNY
2784;667;91;VILLEMOISSON-S-ORGE
2785;479;91;PARAY-VIEILLE-POSTE
2786;216;91;EPINAY SUR ORGE
2787;136;91;CHAMPLAN
2788;235;91;FLEURY-MEROGIS
2789;570;91;SAINT-MICHEL-SUR-ORGE
2790;425;91;MONTLHERY
2791;339;91;LINAS
2792;103;91;BRETIGNY SUR ORGE
2793;156;91;CHEPTAINVILLE
2794;21;91;ARPAJON
2795;579;91;SAINT-VRAIN
2796;207;91;EGLY
2797;347;91;LONGPONT-SUR-ORGE
2798;457;91;LA NORVILLE
2799;115;91;BRUYERES-LE-CHATEL
2800;552;91;SAINT-GERMAIN-LES-ARPAJON
2801;461;91;OLLAINVILLE
2802;333;91;LEUVILLE-SUR-ORGE
2803;494;91;LE PLESSIS PATE
2804;332;91;LEUDEVILLE
2805;376;91;MAROLLES-EN-HUREPOIX
2806;223;91;ETAMPES
2807;99;91;BOUTIGNY-SUR-ESSONNE
2808;85;91;BOISSY-SOUS-SAINT-YON
2809;469;91;ORMOY-LA-RIVIERE
2810;226;91;ETRECHY
2811;599;91;SOISY-SUR-ECOLE
2812;200;91;DOURDAN
2813;533;91;SACLAS
2814;405;91;MILLY-LA-FORET
2815;511;91;PUSSAY
2816;525;91;ROINVILLE-SOUS-DOURDAN
2817;47;91;BAULNE
2818;175;91;CORBREUSE
2819;232;91;FERTE-ALAIS (LA)
2820;129;91;CERNY
2821;433;91;MORIGNY-CHAMPIGNY
2822;293;91;GUIGNEVILLE
2823;330;91;LARDY
2824;198;91;D   HUISON LONGUEVILLE
2825;95;91;BOURAY-SUR-JUINE
2826;180;91;COURANCES
2827;105;91;BREUILLET
2828;109;91;BRIERES-LES-SCELLES
2829;359;91;MAISSE
2830;630;91;VAL-SAINT-GERMAIN (LE)
2831;546;91;SAINT-CYR-SOUS-DOURDAN
2832;315;91;ITTEVILLE
2833;581;91;SAINT-YON
2834;132;91;CHAMARANDE
2835;639;91;VAYRES-SUR-ESSONNE
2836;80;91;BOISSY-LE-CUTTE
2837;671;91;VILLENEUVE-SUR-AUVERS
2838;17;91;ANGERVILLIERS
2839;16;91;ANGERVILLE
2840;363;91;MARCOUSSIS
2841;111;91;BRIIS-SOUS-FORGES
2842;471;91;ORSAY
2843;272;91;GIF SUR YVETTE
2844;477;91;PALAISEAU
2845;249;91;FORGES-LES-BAINS
2846;692;91;LES ULIS
2847;64;91;BIEVRES
2848;458;91;NOZAY
2849;122;91;BURES SUR YVETTE
2850;338;91;LIMOURS
2851;312;91;IGNY
2852;645;91;VERRIERES LE BUISSON
2853;665;91;VILLE-DU-BOIS (LA)
2854;661;91;VILLEBON SUR YVETTE
2855;634;91;VAUGRIGNEUSE
2856;274;91;GOMETZ-LA-VILLE
2857;679;91;VILLIERS-LE-BACLE
2858;275;91;GOMETZ-LE-CHATEL
2859;666;91;VILLEJUST
2860;560;91;SAINT-JEAN-DE-BEAUREGARD
2861;534;91;SACLAY
2862;62;92;PUTEAUX
2863;63;92;RUEIL-MALMAISON
2864;73;92;SURESNES
2865;50;92;NANTERRE
2866;26;92;COURBEVOIE
2867;9;92;BOIS-COLOMBES
2868;35;92;LA GARENNE-COLOMBES
2869;4;92;ASNIERES-SUR-SEINE
2870;36;92;GENNEVILLIERS
2871;25;92;COLOMBES
2872;78;92;VILLENEUVE-LA-GARENNE
2873;44;92;LEVALLOIS-PERRET
2874;24;92;CLICHY
2875;51;92;NEUILLY-SUR-SEINE
2876;12;92;BOULOGNE-BILLANCOURT
2877;76;92;VAUCRESSON
2878;33;92;GARCHES
2879;64;92;SAINT-CLOUD
2880;48;92;MEUDON
2881;72;92;SEVRES
2882;77;92;VILLE-D'AVRAY
2883;22;92;CHAVILLE
2884;19;92;CHATENAY-MALABRY
2885;14;92;BOURG-LA-REINE
2886;40;92;ISSY-LES-MOULINEAUX
2887;49;92;MONTROUGE
2888;32;92;FONTENAY-AUX-ROSES
2889;23;92;CLAMART
2890;2;92;ANTONY
2891;75;92;VANVES
2892;71;92;SCEAUX
2893;60;92;LE PLESSIS-ROBINSON
2894;20;92;CHATILLON
2895;7;92;BAGNEUX
2896;46;92;MALAKOFF
2897;61;93;LE PRE-SAINT-GERVAIS
2898;63;93;ROMAINVILLE
2899;45;93;LES LILAS
2900;6;93;BAGNOLET
2901;53;93;NOISY-LE-SEC
2902;8;93;BOBIGNY
2903;57;93;LES PAVILLONS-SOUS-BOIS
2904;29;93;DRANCY
2905;10;93;BONDY
2906;55;93;PANTIN
2907;70;93;SAINT-OUEN-SUR-SEINE
2908;1;93;AUBERVILLIERS
2909;66;93;SAINT-DENIS
2910;27;93;LA COURNEUVE
2911;31;93;EPINAY SUR SEINE
2912;59;93;PIERREFITTE-SUR-SEINE
2913;72;93;STAINS
2914;13;93;LE BOURGET
2915;79;93;VILLETANEUSE
2916;39;93;L'ILE-SAINT-DENIS
2917;30;93;DUGNY
2918;74;93;VAUJOURS
2919;73;93;TREMBLAY-EN-FRANCE
2920;15;93;COUBRON
2921;71;93;SEVRAN
2922;14;93;CLICHY SOUS BOIS
2923;46;93;LIVRY-GARGAN
2924;5;93;AULNAY SOUS BOIS
2925;78;93;VILLEPINTE
2926;7;93;LE BLANC-MESNIL
2927;50;93;NEUILLY-SUR-MARNE
2928;49;93;NEUILLY-PLAISANCE
2929;32;93;GAGNY
2930;51;93;NOISY-LE-GRAND
2931;33;93;GOURNAY SUR MARNE
2932;62;93;LE RAINCY
2933;47;93;MONTFERMEIL
2934;48;93;MONTREUIL
2935;64;93;ROSNY-SOUS-BOIS
2936;77;93;VILLEMOMBLE
2937;69;94;ST MAURICE
2938;68;94;SAINT-MAUR-DES-FOSSES
2939;42;94;JOINVILLE-LE-PONT
2940;2;94;ALFORTVILLE
2941;46;94;MAISONS-ALFORT
2942;18;94;CHARENTON-LE-PONT
2943;28;94;CRETEIL
2944;11;94;BONNEUIL-SUR-MARNE
2945;41;94;IVRY-SUR-SEINE
2946;16;94;CACHAN
2947;43;94;LE KREMLIN-BICETRE
2948;76;94;VILLEJUIF
2949;34;94;FRESNES
2950;22;94;CHOISY-LE-ROI
2951;81;94;VITRY-SUR-SEINE
2952;73;94;THIAIS
2953;38;94;L'HAY-LES-ROSES
2954;54;94;ORLY
2955;21;94;CHEVILLY-LARUE
2956;65;94;RUNGIS
2957;37;94;GENTILLY
2958;3;94;ARCUEIL
2959;78;94;VILLENEUVE-SAINT-GEORGES
2960;56;94;PERIGNY
2961;4;94;BOISSY-SAINT-LEGER
2962;74;94;VALENTON
2963;19;94;CHENNEVIERES SUR MARNE
2964;60;94;LA QUEUE-EN-BRIE
2965;79;94;VILLIERS-SUR-MARNE
2966;71;94;SUCY-EN-BRIE
2967;44;94;LIMEIL-BREVANNES
2968;75;94;VILLECRESNES
2969;1;94;ABLON-SUR-SEINE
2970;59;94;LE PLESSIS-TREVISE
2971;47;94;MANDRES-LES-ROSES
2972;77;94;VILLENEUVE-LE-ROI
2973;53;94;NOISEAU
2974;70;94;SANTENY
2975;55;94;ORMESSON-SUR-MARNE
2976;48;94;MAROLLES-EN-BRIE
2977;52;94;NOGENT-SUR-MARNE
2978;80;94;VINCENNES
2979;15;94;BRY-SUR-MARNE
2980;67;94;SAINT-MANDE
2981;33;94;FONTENAY-SOUS-BOIS
2982;58;94;LE PERREUX-SUR-MARNE
2983;17;94;CHAMPIGNY-SUR-MARNE
2984;500;95;PONTOISE
2985;388;95;MENUCOURT
2986;218;95;ERAGNY-SUR-OISE
2987;572;95;ST OUEN L AUMONE
2988;452;95;NOINTEL
2989;39;95;AUVERS-SUR-OISE
2990;313;95;L'ISLE-ADAM
2991;127;95;CERGY
2992;488;95;PIERRELAYE
2993;323;95;JOUY-LE-MOUTIER
2994;476;95;OSNY
2995;52;95;BEAUMONT-SUR-OISE
2996;392;95;MERIEL
2997;394;95;MERY-SUR-OISE
2998;480;95;PARMAIN
2999;177;95;CORMEILLES-EN-VEXIN
3000;183;95;COURDIMANCHE
3001;355;95;MAGNY-EN-VEXIN
3002;637;95;VAUREAL
3003;134;95;CHAMPAGNE SUR-OISE
3004;142;95;CHARS
3005;211;95;ENNERY
3006;487;95;PERSAN
3007;78;95;BOISSY-L'AILLERIE
3008;370;95;MARINES
3009;678;95;VILLIERS-ADAM
3010;628;95;VALMONDOIS
3011;523;95;LA ROCHE-GUYON
3012;270;95;GENAINVILLE
3013;116;95;BRUYERES-SUR-OISE
3014;328;95;LABBEVILLE
3015;651;95;VETHEUIL
3016;280;95;GOUSSAINVILLE
3017;56;95;BELLOY-EN-FRANCE
3018;277;95;GONESSE
3019;199;95;DOMONT
3020;19;95;ARNOUVILLE
3021;527;95;ROISSY-EN-FRANCE
3022;539;95;SAINT-BRICE-SOUS-FORET
3023;268;95;GARGES-LES-GONESSE
3024;205;95;ECOUEN
3025;612;95;LE THILLAY
3026;585;95;SARCELLES
3027;430;95;MONTSOULT
3028;580;95;SAINT-WITZ
3029;229;95;EZANVILLE
3030;91;95;BOUFFEMONT
3031;353;95;MAFFLIERS
3032;42;95;BAILLET-EN-FRANCE
3033;351;95;LOUVRES
3034;250;95;FOSSES
3035;680;95;VILLIERS-LE-BEL
3036;352;95;LUZARCHES
3037;675;95;VILLERON
3038;641;95;VEMARS
3039;652;95;VIARMES
3040;88;95;BONNEUIL-EN-FRANCE
3041;604;95;SURVILLIERS
3042;409;95;MOISSELLES
3043;26;95;ASNIERES-SUR-OISE
3044;509;95;PUISEUX-EN-FRANCE
3045;241;95;FONTENAY-EN-PARISIS
3046;149;95;CHAUMONTEL
3047;594;95;SEUGY
3048;428;95;MONTMORENCY
3049;219;95;ERMONT
3050;203;95;EAUBONNE
3051;252;95;FRANCONVILLE LA GARENNE
3052;491;95;PLESSIS-BOUCHARD (LE)
3053;256;95;FREPILLON
3054;607;95;TAVERNY
3055;210;95;ENGHIEN LES BAINS
3056;563;95;ST LEU LA FORET
3057;555;95;ST GRATIEN
3058;197;95;DEUIL LA BARRE
3059;51;95;BEAUCHAMP
3060;288;95;GROSLAY
3061;60;95;BESSANCOURT
3062;574;95;SAINT-PRIX
3063;369;95;MARGENCY
3064;598;95;SOISY SS MONTMORENCY
3065;427;95;MONTMAGNY
3066;426;95;MONTLIGNON
3067;14;95;ANDILLY
3068;582;95;SANNOIS
3069;306;95;HERBLAY-SUR-SEINE
3070;18;95;ARGENTEUIL
3071;424;95;MONTIGNY LES CORMEILLES
3072;63;95;BEZONS
3073;257;95;LA FRETTE-SUR-SEINE
3074;176;95;CORMEILLES-EN-PARISIS
3075;27;971;SAINT MARTIN
3076;26;972;SAINTE ANNE
3077;29;972;SCHOELCHER
3078;17;972;MARIN
3079;9;972;FORT DE FRANCE
3080;31;972;TROIS ILETS
3081;5;972;CASE PILOTE
3082;7;972;DUCOS
3083;13;972;LE LAMENTIN
3084;6;972;DIAMANT
3085;32;972;VAUCLIN
3086;24;972;SAINT JOSEPH
3087;27;972;SAINTE LUCE
3088;10;972;FRANCOIS
3089;22;972;ROBERT
3090;1;972;AJOUPA BOUILLON
3091;30;972;TRINITE
3092;12;972;GROS MORNE
3093;2;973;CAYENNE
3094;9;973;REMIRE MONTJOLY
3095;4;973;KOUROU
3096;7;973;MATOURY
3097;11;973;SAINT LAURENT DU MARONI
3098;18;974;SAINTE MARIE
3099;11;974;SAINT DENIS
3100;15;974;SAINT-PAUL
3101;10;974;SAINT-BENOIT
3102;9;974;SAINT-ANDRE
3103;8;974;LA POSSESSION
3104;16;974;SAINT PIERRE
3105;13;974;SAINT-LEU
3106;103;75;PARIS 03
3107;101;75;PARIS 01
3108;108;75;PARIS 08
3109;106;75;PARIS 06
3110;107;75;PARIS 07
3111;105;75;PARIS 05
3112;110;75;PARIS 10
3113;109;75;PARIS 09
3114;111;75;PARIS 11
3115;112;75;PARIS 12
3116;113;75;PARIS 13
3117;114;75;PARIS 14
3118;115;75;PARIS 15
3119;116;75;PARIS 16
3120;117;75;PARIS 17
3121;118;75;PARIS 18
3122;120;75;PARIS 20
3123;119;75;PARIS 19
3124;104;75;PARIS 04
3125;102;75;PARIS 02
